,WTI,Brent,OPEC,ESPO,Indian
2022-02-14,93.105774,98.07255,93.19116,92.93637,92.492874
2022-02-15,93.25557,98.989235,94.353645,94.51959,93.89835
2022-02-16,93.8018,99.97726,95.34336,95.761444,95.03253
2022-02-17,92.84474,96.99297,94.44415,95.09235,93.88903
2022-02-18,92.29057,95.07299,94.05113,94.93539,93.355934
2022-02-21,91.720955,97.21947,94.15501,94.79865,93.47136
2022-02-22,91.15544,98.27623,94.12557,94.656586,93.41316
2022-02-23,92.01632,98.94436,96.37868,96.920166,95.67462
2022-02-24,92.49513,99.716675,98.02018,98.53922,97.31469
2022-02-25,91.90282,99.15661,97.741394,98.798645,97.36131
2022-02-28,91.59766,98.953835,97.97701,99.42259,97.83517
2022-03-01,98.66283,105.88326,100.96169,96.8878,99.58226
2022-03-02,103.75279,110.901665,103.20986,95.19939,100.987885
2022-03-03,106.74679,114.232796,110.264565,98.157684,109.54587
2022-03-04,110.30278,118.016174,116.03114,99.87118,116.18786
2022-03-07,116.35387,125.08418,119.43825,103.266754,118.79141
2022-03-08,121.73631,131.27225,123.477554,106.21166,122.476944
2022-03-09,115.43146,124.04166,126.02423,109.845146,126.5331
2022-03-10,112.258316,120.40677,128.97078,113.29413,130.49005
2022-03-11,110.003235,118.36864,119.20888,100.60972,121.31485
2022-03-14,107.50214,115.90274,112.852264,92.24827,115.65842
2022-03-15,101.26257,109.44937,108.58769,87.82502,112.30855
2022-03-16,96.02487,104.0645,103.76233,82.34666,108.34098
2022-03-17,99.127914,108.566505,104.82796,82.94017,105.67703
2022-03-18,99.996284,110.41939,104.314865,81.90684,102.66412
2022-03-21,106.19265,116.01099,109.67105,86.941925,106.902596
2022-03-22,110.96138,120.60089,113.45476,90.350914,109.19794
2022-03-23,112.06718,123.28403,115.137024,89.548096,112.95723
2022-03-24,114.154205,126.47806,117.38231,89.873886,116.32419
2022-03-25,114.685776,123.51219,117.02999,90.46733,115.695076
2022-03-28,115.63431,122.19685,117.373505,90.98919,116.137024
2022-03-29,109.16879,116.93724,113.43138,88.63633,112.38876
2022-03-30,104.68994,112.73459,110.63768,87.05377,109.76341
2022-03-31,103.79554,111.22724,109.53728,86.00026,109.234604
2022-04-01,101.94073,108.99788,107.983025,84.80512,108.14411
2022-04-04,102.47363,108.46423,107.01062,82.01637,104.913925
2022-04-05,102.36689,107.476494,105.88211,79.654884,102.257416
2022-04-06,99.474365,104.22115,106.455444,81.74528,103.214264
2022-04-07,97.327995,101.57318,106.57289,82.64265,103.20261
2022-04-08,97.188644,100.74105,102.52457,78.60327,99.65942
2022-04-11,96.51151,99.422165,99.59278,75.88649,97.062386
2022-04-12,97.90109,101.479675,101.4594,76.64545,98.764046
2022-04-13,98.736855,102.63275,102.039986,76.47328,99.313934
2022-04-14,103.517715,107.51917,105.832504,80.59687,99.87019
2022-04-15,107.24165,111.40514,108.764404,83.569534,100.42504
2022-04-18,106.93555,110.31166,109.45616,84.54636,104.390884
2022-04-19,107.70909,110.5525,110.748276,86.05782,107.442444
2022-04-20,104.25577,107.06248,109.53773,84.94192,106.38758
2022-04-21,101.934944,104.57199,108.99779,84.52999,106.43303
2022-04-22,102.771225,105.205635,108.22124,83.53876,105.40155
2022-04-25,102.761246,105.00214,107.508316,82.702736,104.658325
2022-04-26,101.7446,102.56926,104.478065,79.97134,101.518555
2022-04-27,100.99769,100.73402,102.068726,77.7479,99.02092
2022-04-28,103.27581,103.89987,104.68582,80.64124,102.3354
2022-04-29,104.74341,105.725685,105.95653,82.16344,104.09233
2022-05-02,104.31337,106.774185,108.19226,83.42146,105.226074
2022-05-03,104.39159,108.030975,110.16951,84.75036,106.52664
2022-05-04,105.4502,108.218094,110.232635,83.423805,105.89101
2022-05-05,106.24609,108.691696,110.80879,82.80862,105.774055
2022-05-06,108.10247,111.65023,113.11037,84.313194,108.096375
2022-05-09,109.67479,113.94307,114.949814,85.249725,109.76503
2022-05-10,103.74156,107.06065,111.20022,82.82331,106.153046
2022-05-11,99.8194,102.63685,108.94811,81.298096,103.956055
2022-05-12,104.45741,106.751526,109.544365,80.365944,104.508995
2022-05-13,106.802086,108.57843,109.377266,79.27493,104.32536
2022-05-16,110.78311,112.07266,112.15379,82.3957,107.015114
2022-05-17,114.325676,115.119995,114.14172,84.38781,108.934845
2022-05-18,111.47319,112.048096,114.74301,86.2961,109.74035
2022-05-19,110.33398,110.61616,115.715775,88.22682,110.84409
2022-05-20,111.72387,112.74049,114.51262,87.00848,109.3749
2022-05-23,112.43623,113.912224,113.892746,86.63383,108.594986
2022-05-24,111.75183,114.67941,115.054794,87.77367,109.7704
2022-05-25,111.44197,115.555405,115.73921,88.50775,110.422104
2022-05-26,113.92511,117.48324,116.18927,88.9698,110.80943
2022-05-27,115.65987,119.12896,116.70236,89.5046,111.26753
2022-05-30,114.93154,121.45465,119.26271,92.09337,114.22633
2022-05-31,114.86313,123.59828,121.27434,94.13187,116.51511
2022-06-01,114.91286,122.92073,119.40086,91.760155,116.02725
2022-06-02,114.93089,122.9992,118.56839,90.57025,116.28345
2022-06-03,117.135544,123.82616,117.342636,88.08648,115.56242
2022-06-06,118.75444,124.452515,116.22232,85.94946,115.10338
2022-06-07,119.012314,125.71985,119.06085,88.51362,117.02347
2022-06-08,119.634575,126.81537,120.83856,89.81812,118.30592
2022-06-09,120.93242,127.846054,122.15242,91.13922,119.84851
2022-06-10,122.04932,128.8942,123.59062,92.455956,121.32146
2022-06-13,121.26991,128.26001,122.451645,90.54935,119.87883
2022-06-14,120.99863,128.07672,122.00302,89.50666,119.217636
2022-06-15,118.6261,126.86443,122.10386,89.39316,118.828186
2022-06-16,116.81659,125.92789,122.05744,89.030655,118.36589
2022-06-17,113.91052,122.89177,119.73268,87.9781,117.21611
2022-06-20,111.298355,120.41818,118.01847,87.11039,116.25058
2022-06-21,110.698875,119.23755,116.11547,84.36912,113.866104
2022-06-22,109.560165,117.71049,114.26299,82.12986,111.861946
2022-06-23,107.23573,115.8897,112.32103,80.44652,110.01348
2022-06-24,105.22926,114.147896,110.40326,78.61415,108.123276
2022-06-27,109.410965,117.76248,113.342575,81.32845,110.76748
2022-06-28,111.934525,119.94176,114.98045,82.82443,112.19666
2022-06-29,111.61192,120.56023,116.77396,85.613304,115.04764
2022-06-30,112.052,121.59699,118.525696,88.05572,117.51767
2022-07-01,110.79117,120.77199,115.51352,84.82674,113.19406
2022-07-04,109.98604,120.44588,113.77772,83.117386,110.690834
2022-07-05,106.064766,115.89624,114.404724,82.425,113.09258
2022-07-06,102.978546,112.47806,114.39873,81.460075,114.180145
2022-07-07,103.62705,112.306946,108.799774,75.056145,106.418304
2022-07-08,103.27472,111.265495,104.699425,70.1095,101.027695
2022-07-11,105.00076,113.21965,108.221405,74.946945,105.63332
2022-07-12,106.169846,114.37125,109.70061,77.16296,107.56061
2022-07-13,100.470276,108.98533,106.39636,73.79527,103.33349
2022-07-14,96.61101,105.35155,104.37417,71.92322,100.75487
2022-07-15,98.827545,109.778496,104.41377,71.08748,101.23046
2022-07-18,99.416145,112.04538,103.90088,69.97414,100.88782
2022-07-19,103.875916,114.51117,108.189384,74.43934,104.90138
2022-07-20,107.298355,116.92372,111.191574,77.40973,107.747574
2022-07-21,102.11934,114.14526,109.072815,75.7475,105.56984
2022-07-22,99.24527,112.75762,108.32633,75.32643,104.73831
2022-07-25,99.277466,109.266235,107.64682,74.86049,104.18855
2022-07-26,98.53096,106.33826,106.949486,74.40662,103.563446
2022-07-27,98.960236,108.24639,108.32771,76.41351,104.327576
2022-07-28,99.0745,108.85868,109.14966,77.76109,104.71953
2022-07-29,99.85714,109.8643,110.265495,79.157974,106.90782
2022-08-01,100.460754,110.7647,111.30249,80.54184,108.61494
2022-08-02,97.971466,107.64808,107.521965,83.36177,103.52185
2022-08-03,96.31094,105.60802,105.03187,85.79713,100.2511
2022-08-04,93.47674,101.4114,103.42332,83.37183,98.53561
2022-08-05,90.957146,97.792465,101.57909,82.24869,96.4032
2022-08-08,92.51522,101.25373,101.18233,80.72816,96.59573
2022-08-09,92.98075,102.81791,100.39776,79.31405,96.1653
2022-08-10,94.01227,104.158905,101.19126,80.396904,96.54984
2022-08-11,94.89239,105.559654,101.56192,80.81093,96.71618
2022-08-12,95.372986,104.83937,103.04173,83.18217,97.865875
2022-08-15,95.96057,104.68734,104.22453,85.02887,98.75193
2022-08-16,91.95757,99.11488,99.95731,81.53539,95.28601
2022-08-17,89.184715,94.99504,97.15039,79.47274,92.986145
2022-08-18,91.757675,96.66011,97.88176,80.08867,92.345116
2022-08-19,92.89847,96.77492,97.66543,79.98691,91.259865
2022-08-22,93.383224,96.06054,98.7762,81.43353,94.0562
2022-08-23,94.04387,95.56836,99.53139,82.46526,95.812546
2022-08-24,95.108536,98.24861,102.24013,85.44743,97.58081
2022-08-25,96.064896,100.078865,104.42552,87.906975,99.34577
2022-08-26,94.75864,100.122246,104.05712,89.857635,99.211365
2022-08-29,94.05878,100.64449,104.37279,91.94477,99.58619
2022-08-30,94.158554,100.21909,105.42792,92.20552,100.656296
2022-08-31,94.04422,100.04774,106.285126,92.955444,101.539894
2022-09-01,90.0495,95.67545,101.456375,87.67224,96.92268
2022-09-02,87.09455,92.429054,98.15104,84.00569,93.779465
2022-09-05,87.90962,93.892395,99.77266,85.365974,95.133575
2022-09-06,87.714615,94.09361,100.07413,85.37958,95.282906
2022-09-07,85.2085,89.97173,97.70788,83.952896,92.9155
2022-09-08,83.32169,87.008286,96.05658,82.912094,91.222374
2022-09-09,85.57979,89.81835,95.22706,80.91151,90.33463
2022-09-12,86.727486,91.08181,94.177055,79.16827,89.23137
2022-09-13,87.71145,92.14367,97.05672,82.62714,92.21131
2022-09-14,88.739624,93.25952,98.88344,84.69212,94.097336
2022-09-15,87.284966,91.21388,97.74219,83.41385,93.0164
2022-09-16,86.49546,90.01535,97.3962,83.031334,92.73036
2022-09-19,86.26425,89.715385,96.2608,81.28701,91.63856
2022-09-20,85.882904,89.17458,95.33659,79.90765,90.76241
2022-09-21,84.89477,90.023094,96.43668,82.18058,91.58667
2022-09-22,84.06943,90.49942,96.994415,83.47481,91.955376
2022-09-23,81.7426,87.301765,94.60508,81.14824,89.667755
2022-09-26,79.8181,85.08867,93.00546,79.79182,88.09184
2022-09-27,79.26979,85.289314,90.932274,77.35981,85.84841
2022-09-28,78.35276,84.84317,88.98602,75.21599,83.78382
2022-09-29,80.682495,87.8795,91.42353,77.323944,86.36873
2022-09-30,82.14217,89.98226,92.6864,78.29239,87.707726
2022-10-03,82.38804,89.8685,91.6385,78.24559,88.08531
2022-10-04,82.95919,90.34888,91.20982,78.470955,88.72058
2022-10-05,85.97505,92.70821,92.86797,79.79076,90.1503
2022-10-06,88.335526,94.56403,93.96695,80.81726,91.366875
2022-10-07,90.403915,96.55249,96.234085,83.118835,93.873436
2022-10-10,92.55069,98.50568,98.18823,85.07874,96.034325
2022-10-11,90.65524,96.23807,97.39142,84.95119,95.1268
2022-10-12,89.843124,95.10183,97.33208,85.38303,95.04133
2022-10-13,89.233536,94.778496,95.45175,83.67438,93.25913
2022-10-14,88.56963,94.23717,94.05942,82.53905,91.93142
2022-10-17,86.654396,92.16881,93.55815,82.28016,91.362015
2022-10-18,85.074646,90.509636,92.81807,81.78652,90.58962
2022-10-19,85.32607,90.78742,91.15276,80.21371,88.63832
2022-10-20,85.08696,90.54615,89.735214,78.93002,87.003044
2022-10-21,85.516754,91.31814,91.70959,81.00068,89.79276
2022-10-24,85.767265,91.81833,92.775345,82.172386,91.39666
2022-10-25,86.50967,91.61902,92.49168,82.424736,90.41731
2022-10-26,87.120155,91.60757,92.56972,82.923485,90.1299
2022-10-27,88.510704,93.14213,93.96684,84.721016,91.79679
2022-10-28,89.69229,94.26241,95.01042,86.170654,92.94016
2022-10-31,87.7178,93.778534,94.22986,85.363014,92.0246
2022-11-01,86.58876,93.72453,93.93829,85.16018,91.66048
2022-11-02,88.36162,94.777504,94.3382,84.46786,91.932304
2022-11-03,89.357056,95.53393,94.55288,83.90675,92.03389
2022-11-04,90.592026,97.35805,95.25319,84.9373,92.625824
2022-11-07,91.762634,98.89582,95.82349,85.54117,93.08612
2022-11-08,90.15267,97.74273,96.28459,86.0236,93.54243
2022-11-09,89.2876,97.310265,96.774895,86.53869,93.99994
2022-11-10,87.68595,95.22806,93.73178,84.09518,91.118546
2022-11-11,86.2818,93.587616,91.635216,82.44451,89.13208
2022-11-14,87.07501,94.53314,93.8186,84.992874,91.23761
2022-11-15,87.27947,94.78552,94.8555,86.415855,92.24637
2022-11-16,86.36824,93.68748,92.71897,84.53489,89.95062
2022-11-17,85.75612,92.95081,91.432526,83.53928,88.54087
2022-11-18,82.27123,90.70434,89.51381,82.121155,86.830894
2022-11-21,79.55614,88.862526,87.764366,80.816414,85.20163
2022-11-22,80.38737,88.74241,86.74182,80.03947,83.95541
2022-11-23,80.2686,88.16139,85.52439,79.12124,82.606735
2022-11-24,78.60996,86.40542,84.263664,77.88081,82.98843
2022-11-25,77.36396,84.96442,83.01411,76.72701,82.90677
2022-11-28,77.091736,83.91282,82.26367,75.67935,80.69466
2022-11-29,76.55866,82.75685,81.37944,74.60317,79.05351
2022-11-30,78.84583,84.263275,82.955696,76.39146,81.17061
2022-12-01,80.37729,85.05673,83.87255,77.41241,82.28067
2022-12-02,80.18449,85.953545,84.156204,78.13882,82.92165
2022-12-05,80.45373,86.82283,84.60941,78.94405,83.68825
2022-12-06,76.73744,82.71604,82.0885,76.87033,80.853935
2022-12-07,74.08905,79.94261,80.36451,75.567955,78.984505
2022-12-08,72.541046,77.72031,77.539185,72.62465,76.07713
2022-12-09,70.698204,75.35043,75.009155,70.12098,73.44784
2022-12-12,72.05214,76.92013,75.37404,69.9819,73.78705
2022-12-13,72.54944,77.43418,74.96336,69.20912,73.33069
2022-12-14,75.31305,80.71288,78.31283,72.34241,76.55095
2022-12-15,77.469635,83.2508,80.65451,74.42924,78.78649
2022-12-16,75.394554,81.543816,79.5751,73.724236,77.76333
2022-12-19,74.453285,80.97406,79.41246,73.767426,77.61343
2022-12-20,75.52839,80.56012,78.62631,72.95581,76.988556
2022-12-21,76.06324,80.10433,78.00734,72.37319,76.491
2022-12-22,77.34716,80.053375,79.806,74.30963,76.77654
2022-12-23,78.43033,79.894264,80.95637,75.571365,76.85255
2022-12-27,79.06572,81.637184,81.52447,76.471954,78.424255
2022-12-28,79.820984,82.87041,82.24888,77.469086,79.594864
2022-12-29,79.20901,81.801,81.38606,76.48602,79.22016
2022-12-30,78.96316,81.34826,80.948395,76.033424,79.25947
2023-01-03,78.12832,80.94655,81.53816,77.4705,79.092064
2023-01-04,77.45123,80.531364,81.852486,78.40134,78.98001
2023-01-05,74.70524,77.536095,77.979614,74.219376,77.3236
2023-01-06,72.51362,75.23207,75.22877,71.40741,76.081
2023-01-09,73.945755,76.63263,76.8435,71.693886,76.52652
2023-01-10,74.40666,77.04093,77.28843,71.15018,76.519485
2023-01-11,75.86477,79.12274,77.76748,70.85114,77.11147
2023-01-12,77.05565,80.756355,78.23744,70.48651,77.542755
2023-01-13,78.50332,82.02044,80.47669,73.00106,79.93596
2023-01-16,79.88232,83.38311,82.24216,74.744026,81.8036
2023-01-17,79.843704,83.360535,82.83292,75.44129,82.36218
2023-01-18,80.185005,83.70923,83.73821,76.41884,83.271645
2023-01-19,80.104546,84.31844,83.52914,75.942665,82.99101
2023-01-20,80.13696,84.85801,83.618195,75.856285,83.02942
2023-01-23,81.02256,86.36473,84.854836,76.94302,83.93565
2023-01-24,81.679344,87.61232,85.784134,77.71514,84.60894
2023-01-25,80.454,85.858086,85.003235,77.12514,84.31944
2023-01-26,79.733315,84.907974,84.68158,76.89982,84.28774
2023-01-27,79.91874,85.582184,85.0919,77.51333,84.408745
2023-01-30,79.861084,85.821266,85.30604,77.902,84.48861
2023-01-31,78.96018,84.44791,83.66117,76.10415,83.1434
2023-02-01,78.28539,83.50656,82.51444,74.89232,82.18027
2023-02-02,76.69963,81.63881,81.970825,75.286766,82.02185
2023-02-03,75.35793,80.01917,81.26553,75.25075,81.64783
2023-02-06,74.58779,80.14218,79.71038,73.365074,79.92594
2023-02-07,73.664665,79.79775,78.38344,71.974945,78.56538
2023-02-08,76.65811,82.3415,80.75743,72.96662,80.8754
2023-02-09,78.602234,84.11185,82.13978,73.32008,82.20169
2023-02-10,78.875244,84.41508,82.95851,73.965454,83.1801
2023-02-13,79.59589,85.111435,83.928185,74.532555,84.25163
2023-02-14,79.424675,85.10993,84.100174,74.933846,84.41931
2023-02-15,79.49267,85.29534,84.48601,75.37946,84.8293
2023-02-16,78.735855,84.17272,83.77649,73.94885,84.0033
2023-02-17,78.20029,83.400635,83.36022,73.02115,83.50891
2023-02-20,77.14891,82.980804,82.6414,72.515144,82.799774
2023-02-21,76.23571,82.46637,82.00372,71.896065,82.14819
2023-02-22,75.35913,81.20649,81.43221,71.14158,81.413605
2023-02-23,74.47263,80.14632,80.842865,70.4232,80.70103
2023-02-24,75.45459,81.4881,81.472015,71.00565,81.37605
2023-02-27,75.93592,82.1863,81.77505,71.23936,81.679
2023-02-28,76.25419,82.30382,81.89174,71.5671,82.042114
2023-03-01,76.61629,82.577,82.05814,71.86988,82.38936
2023-03-02,77.4986,83.54199,82.795654,72.203415,82.808205
2023-03-03,78.2415,84.321365,83.38037,72.52859,83.20771
2023-03-06,79.397705,85.14907,84.220764,73.385056,84.00548
2023-03-07,80.44302,85.964,84.99279,74.099106,84.69626
2023-03-08,77.807236,83.28207,83.6769,73.09848,83.46047
2023-03-09,76.15782,81.5375,82.920204,72.55748,82.74106
2023-03-10,76.56196,81.985214,82.18451,71.50553,82.0302
2023-03-13,76.416176,81.845566,81.443146,70.59053,81.317406
2023-03-14,73.484695,78.99879,80.65777,70.42616,80.57231
2023-03-15,71.29944,76.87766,79.88421,70.06071,79.83569
2023-03-16,69.12608,74.61669,76.71597,67.0296,76.65583
2023-03-17,66.9495,72.39339,74.18916,64.712776,74.130646
2023-03-20,67.43343,72.338974,73.15268,62.967575,72.9627
2023-03-21,67.204506,71.703285,71.71676,61.069313,71.431274
2023-03-22,69.344894,74.39164,74.03283,63.442383,73.78288
2023-03-23,70.85044,76.18939,75.343445,64.67082,75.09391
2023-03-24,69.8759,74.423645,74.96698,64.68947,74.76775
2023-03-27,69.565575,73.61311,75.04305,65.031906,74.87952
2023-03-28,71.9113,76.337494,76.336624,66.052475,76.165474
2023-03-29,73.54542,78.11459,77.30388,66.89145,77.136986
2023-03-30,73.36611,77.5051,77.12825,66.89759,77.4855
2023-03-31,73.67302,77.53514,77.25876,67.1271,78.00132
2023-04-03,77.1789,81.58944,81.016014,70.30485,78.42806
2023-04-04,79.82766,84.56517,83.80191,72.692444,78.87855
2023-04-05,80.20243,85.078026,84.731346,74.46099,83.04984
2023-04-06,81.18666,86.25076,86.1579,76.39549,86.22445
2023-04-10,80.336685,86.26543,85.51903,76.148865,84.88182
2023-04-11,79.978455,86.59051,85.43383,76.48668,84.7496
2023-04-12,81.81706,87.33062,86.23075,76.994514,85.42075
2023-04-13,83.06706,87.95963,86.79112,77.456856,85.876755
2023-04-14,82.45427,87.15565,87.13028,78.10563,86.22911
2023-04-17,82.34086,86.73567,87.5288,78.70459,86.60937
2023-04-18,81.43091,86.0502,86.52395,77.58737,85.917145
2023-04-19,80.734245,85.43599,85.89487,76.930016,85.51227
2023-04-20,78.90635,84.43561,84.136566,75.32883,83.613464
2023-04-21,77.38139,83.53854,82.681145,73.98028,82.114586
2023-04-24,78.36665,83.96658,82.76244,73.74614,81.990074
2023-04-25,78.679504,84.03937,82.432106,73.21333,81.497444
2023-04-26,76.235,81.33789,81.90898,73.09122,81.243164
2023-04-27,74.52916,79.379684,81.43744,72.85907,80.92495
2023-04-28,76.02369,80.904945,80.35894,71.89237,80.2041
2023-05-01,76.66068,81.49641,79.443436,71.12219,79.590965
2023-05-02,74.02273,79.021034,79.2608,71.062515,78.97507
2023-05-03,72.26239,77.367714,78.88165,70.81253,78.360016
2023-05-04,69.98254,74.652405,75.26349,66.982056,75.00848
2023-05-05,67.84211,72.22183,72.513306,64.11081,72.390144
2023-05-08,71.41068,75.10247,75.17239,66.6621,73.73878
2023-05-09,73.44937,76.55974,76.38205,67.760506,74.02447
2023-05-10,72.85725,76.686066,76.609566,67.94852,75.44773
2023-05-11,72.97022,77.16899,77.10002,68.38053,76.566345
2023-05-12,71.2217,75.527306,75.84667,67.20767,75.083565
2023-05-15,69.972115,74.45543,75.06048,66.46509,74.297874
2023-05-16,70.95002,75.25397,75.09198,66.88009,74.29472
2023-05-17,71.331116,75.55151,74.90423,66.98501,74.08194
2023-05-18,71.85186,75.86939,75.51892,68.17773,74.69544
2023-05-19,72.33519,76.181816,75.91846,69.07901,75.08766
2023-05-22,71.85287,75.70717,75.586136,68.61473,74.774536
2023-05-23,71.62914,75.443474,75.45001,68.51627,74.650154
2023-05-24,73.045944,76.72154,76.65116,69.62511,75.82793
2023-05-25,74.02314,77.58633,77.49394,70.41045,76.6569
2023-05-26,72.82535,76.62265,76.97258,69.9713,76.059746
2023-05-29,72.210686,76.14958,76.816826,69.86038,75.84478
2023-05-30,70.921364,74.76625,76.16928,69.39698,75.16159
2023-05-31,69.81297,73.62676,75.653275,69.0282,74.60421
2023-06-01,69.75546,73.635704,73.742966,66.53237,72.8568
2023-06-02,69.41608,73.33703,72.20638,64.60643,71.42795
2023-06-05,71.19052,75.37455,74.86365,67.46271,74.00125
2023-06-06,72.39888,76.78567,76.39745,69.0376,75.50255
2023-06-07,72.19924,76.512344,76.034004,68.7514,75.22518
2023-06-08,72.37719,76.69044,76.17888,68.963936,75.424644
2023-06-09,70.85178,75.28313,76.092995,69.148834,75.32567
2023-06-12,69.78271,74.30084,76.068924,69.34107,75.3065
2023-06-13,68.93035,73.58431,74.24534,67.2427,73.45998
2023-06-14,68.020065,72.79646,72.903885,65.75823,72.1033
2023-06-15,69.42585,74.40956,74.267426,67.292015,73.49816
2023-06-16,70.21101,75.37898,74.90593,68.01716,74.15595
2023-06-19,71.10518,75.790634,75.88085,69.32374,75.229774
2023-06-20,71.97021,76.35211,76.76559,70.47462,76.19203
2023-06-21,71.7909,76.26401,77.176636,70.86752,76.62418
2023-06-22,71.89133,76.35027,77.71459,71.46356,77.19819
2023-06-23,70.04552,74.62498,75.96112,69.81627,75.44355
2023-06-26,68.72157,73.38499,74.82175,68.77023,74.31336
2023-06-27,68.592224,72.9962,75.15978,69.223785,74.60295
2023-06-28,68.14261,72.379,75.10178,69.27545,74.512115
2023-06-29,69.41868,73.40656,74.81202,68.97018,74.31301
2023-06-30,70.23236,73.9936,74.5843,68.76059,74.14288
2023-07-03,69.9069,74.295715,75.77129,69.54477,75.12657
2023-07-04,69.88688,74.67394,76.5793,70.06285,75.80152
2023-07-05,70.59781,75.75962,76.52665,69.94112,75.60187
2023-07-06,71.11265,76.656,76.704124,69.99071,75.636314
2023-07-07,72.34243,77.33427,77.783806,71.08139,76.89249
2023-07-10,73.38083,78.071,78.62223,71.89311,77.82111
2023-07-11,73.85947,78.53366,79.22952,72.35924,78.325516
2023-07-12,74.48819,79.06957,79.89877,72.91806,78.94378
2023-07-13,75.828835,80.347,81.00913,74.1818,80.12818
2023-07-14,76.9787,81.42589,82.00112,75.25673,81.16091
2023-07-17,75.35173,79.370346,81.09577,74.42078,80.190285
2023-07-18,74.46909,78.15472,80.69897,74.09694,79.75668
2023-07-19,75.2481,79.05747,81.08008,74.436584,80.1577
2023-07-20,75.581856,79.392746,81.25281,74.59825,80.33478
2023-07-21,76.27816,80.13258,81.66641,75.14839,80.78601
2023-07-24,76.877235,80.76368,82.01557,75.59433,81.16379
2023-07-25,78.49261,82.17836,83.56542,76.99282,82.670296
2023-07-26,79.83556,83.38333,84.793655,78.13625,83.874176
2023-07-27,79.63364,83.48312,84.78268,77.998665,83.80717
2023-07-28,79.8457,83.87948,85.10382,78.20425,84.08043
2023-07-31,80.99484,84.633934,85.870514,78.90908,84.82939
2023-08-01,81.89302,85.29257,86.51753,79.48033,85.4511
2023-08-02,80.643135,84.64249,86.46838,79.54024,85.34473
2023-08-03,79.96888,84.34321,86.60579,79.73702,85.43354
2023-08-04,81.60682,86.00386,87.13407,79.96129,85.94899
2023-08-07,82.625374,87.139435,87.55757,80.178314,86.350266
2023-08-08,82.68294,87.38208,87.755264,80.91867,86.71039
2023-08-09,82.99815,87.86413,88.01336,81.519035,87.08181
2023-08-10,83.28402,87.976845,88.92318,81.209694,87.74232
2023-08-11,83.5777,88.18863,89.65852,81.14388,88.32512
2023-08-14,83.03511,87.77629,89.110435,81.57573,88.02815
2023-08-15,82.716354,87.531204,88.90603,81.87434,87.9668
2023-08-16,80.90457,85.858315,87.87851,80.76557,86.7874
2023-08-17,79.493,84.56838,87.07129,80.03415,85.90779
2023-08-18,80.703094,85.4738,86.92937,79.71664,85.76179
2023-08-21,81.21048,85.79079,86.609085,79.28827,85.41909
2023-08-22,80.53661,85.105576,86.937065,79.90877,85.85312
2023-08-23,80.17941,84.6889,87.09122,80.2483,86.0793
2023-08-24,79.69364,84.31278,86.33229,79.38626,85.30138
2023-08-25,79.24224,83.92576,85.818054,78.846085,84.7923
2023-08-28,80.23856,84.98597,86.7931,79.547295,85.67302
2023-08-29,80.84687,85.65784,87.36936,79.91582,86.18144
2023-08-30,81.198746,86.007744,87.49933,80.3262,86.39627
2023-08-31,81.61946,86.444244,87.74874,80.72548,86.689835
2023-09-01,83.73214,88.11603,88.93528,81.34692,87.366745
2023-09-04,85.391525,89.45688,89.87062,81.90899,87.94112
2023-09-05,85.94804,90.36333,90.923294,82.84534,89.1305
2023-09-06,86.80006,91.38616,91.944756,83.68119,90.15482
2023-09-07,86.982956,91.25073,92.4786,84.567566,89.85997
2023-09-08,87.345215,91.425674,93.143005,85.440445,89.918686
2023-09-11,87.44356,91.82297,93.09768,85.28127,91.00078
2023-09-12,87.61274,92.16087,93.243,85.39856,91.80849
2023-09-13,88.385605,92.891685,94.34515,86.635574,92.69763
2023-09-14,88.9966,93.51737,95.19072,87.5726,93.56493
2023-09-15,90.09628,94.72655,96.09691,88.41424,94.41036
2023-09-18,91.06499,95.779465,96.9868,89.28134,95.261505
2023-09-19,91.01066,95.79526,97.00463,89.11879,95.31998
2023-09-20,91.23042,96.08904,97.25642,89.231926,95.59059
2023-09-21,90.05331,94.602585,96.07279,88.0898,94.36535
2023-09-22,89.250565,93.59304,95.273605,87.2841,93.5411
2023-09-25,89.68504,93.812675,95.41936,87.76892,93.91787
2023-09-26,89.787766,93.70276,95.31201,87.907845,93.97261
2023-09-27,91.900604,95.41432,96.14415,88.46335,93.560684
2023-09-28,93.4747,96.63817,96.72453,88.90724,93.273506
2023-09-29,91.56527,95.697716,96.82543,89.90077,95.7682
2023-10-02,90.58911,95.3368,97.05501,90.7469,97.51735
2023-10-03,89.62285,93.873825,95.31148,87.5224,94.04666
2023-10-04,88.65402,92.70585,94.09683,85.38857,91.97483
2023-10-05,84.955154,89.908134,91.246445,82.98307,89.415794
2023-10-06,81.987526,87.547516,88.834076,80.65047,86.987076
2023-10-09,83.21701,89.745026,89.515884,80.78703,87.52356
2023-10-10,83.32226,90.72075,89.36911,80.26207,87.26601
2023-10-11,83.774055,88.82366,89.92769,81.594635,87.9374
2023-10-12,84.13275,87.696434,90.29713,82.42952,88.35964
2023-10-13,85.37331,90.69315,90.88831,82.36999,88.92724
2023-10-16,86.37756,92.585144,91.41997,82.55015,89.455894
2023-10-17,86.49946,91.83624,92.59978,84.22326,90.70201
2023-10-18,86.85792,91.79482,93.605965,85.49618,91.755875
2023-10-19,88.534706,92.55031,94.01576,85.545784,91.881096
2023-10-20,89.85806,93.09263,94.58541,85.923225,92.25484
2023-10-23,87.466034,92.28646,94.67398,86.377945,93.14726
2023-10-24,86.06956,91.841354,94.89132,86.8121,93.900894
2023-10-25,85.67364,89.978806,92.374596,84.59376,90.77809
2023-10-26,85.009544,88.49617,90.59026,83.08611,88.69388
2023-10-27,85.24984,89.8734,91.679214,83.92199,89.71892
2023-10-30,85.24817,90.48433,91.99812,84.13003,89.9113
2023-10-31,82.989914,88.66301,90.908066,83.21579,88.93699
2023-11-01,81.33627,87.493576,90.19485,82.60273,88.27583
2023-11-02,82.15432,88.09644,89.61084,81.91327,87.66088
2023-11-03,82.31,88.224724,88.99214,81.2442,87.03332
2023-11-06,81.685555,87.55367,89.35066,81.84716,87.47242
2023-11-07,81.27028,87.09659,89.447525,82.10904,87.62558
2023-11-08,78.16427,83.61921,86.472046,79.25848,84.63711
2023-11-09,75.77909,80.95085,84.31992,77.24191,82.49049
2023-11-10,76.58504,82.64261,84.099464,76.56378,82.221596
2023-11-13,76.5358,83.16648,83.361176,75.52703,81.4494
2023-11-14,78.32825,83.96249,84.826546,76.96501,82.82215
2023-11-15,79.62736,84.68581,85.70137,77.74001,83.62023
2023-11-16,76.21035,80.94,83.69689,76.67311,81.83301
2023-11-17,74.05682,78.39187,82.46386,76.09974,80.73834
2023-11-20,76.82994,81.50247,83.33588,76.21187,81.5325
2023-11-21,78.28266,83.09672,83.6439,76.14052,81.82042
2023-11-22,77.61951,82.142265,84.30919,77.70092,82.57256
2023-11-23,77.523125,81.87092,84.87862,78.82413,83.20019
2023-11-24,76.068695,80.558205,84.25882,77.712715,82.35005
2023-11-27,74.97857,79.52457,83.95728,77.20028,81.89659
2023-11-28,75.703255,80.70301,83.5437,76.65639,81.78822
2023-11-29,75.941734,81.2887,83.16045,76.12072,81.58718
2023-11-30,76.16911,81.67388,84.40274,78.22457,83.11113
2023-12-01,76.39937,82.1131,85.20938,79.621216,84.172714
2023-12-04,74.276115,79.60283,82.23573,75.56572,80.71592
2023-12-05,72.78357,77.88274,80.2749,72.97107,78.46995
2023-12-06,70.969154,76.194725,79.50101,72.77322,77.79398
2023-12-07,69.24116,74.49808,78.40902,71.933174,76.69751
2023-12-08,70.32267,75.336525,77.82633,70.98558,76.12662
2023-12-11,70.651306,75.49652,77.1068,70.067184,75.41487
2023-12-12,69.55045,74.70008,77.14846,70.40857,75.45862
2023-12-13,68.83244,74.15935,76.98619,70.41209,75.29985
2023-12-14,70.002235,75.346756,76.35073,68.87502,74.509895
2023-12-15,70.66607,76.071075,75.842186,67.75071,73.88888
2023-12-18,71.39311,77.36362,77.62881,69.83655,75.764046
2023-12-19,72.10327,78.50355,78.80056,71.06221,76.97055
2023-12-20,73.11781,79.827065,79.94103,72.161545,78.165955
2023-12-21,74.0507,81.10144,81.08985,73.29477,79.36426
2023-12-22,73.7388,80.39555,80.9991,73.276474,79.18369
2023-12-26,73.76028,80.22042,81.240265,73.56683,79.372444
2023-12-27,74.42701,80.54288,81.52799,74.10074,79.85524
2023-12-28,74.92088,80.73204,81.80341,74.5691,80.25903
2023-12-29,72.652374,78.78906,80.134384,73.25455,78.5385
2024-01-02,71.12415,77.416885,78.98639,72.41775,77.38749
2024-01-03,71.91952,76.94042,78.21832,71.66996,77.368095
2024-01-04,72.0922,76.22415,77.34834,70.89844,77.04545
2024-01-05,72.8108,76.824814,78.61326,72.268486,77.17075
2024-01-08,73.38301,77.07206,79.30598,73.06474,77.17631
2024-01-09,72.304,76.95321,78.65544,72.21119,77.31102
2024-01-10,71.667595,76.93253,78.36495,71.79975,77.411194
2024-01-11,72.00525,78.72544,79.01545,72.23595,77.97721
2024-01-12,72.08179,80.03256,79.413864,72.44497,78.41814
2024-01-15,72.66847,79.78907,79.61569,72.84313,78.59079
2024-01-16,73.11832,79.9609,79.87048,73.190346,78.8351
2024-01-17,72.94782,79.5848,79.12689,72.11129,78.07884
2024-01-18,72.9432,79.355644,78.650826,71.41485,77.59059
2024-01-19,73.739944,80.37493,79.61173,72.39799,78.12286
2024-01-22,74.32186,81.05944,80.18741,72.93102,78.38181
2024-01-23,74.56871,81.53066,80.5689,73.38837,79.35614
2024-01-24,74.90535,82.05897,81.00247,73.86587,80.13874
2024-01-25,76.4849,82.11286,81.50661,74.315384,80.06826
2024-01-26,77.73134,82.294,81.99155,74.77256,80.22642
2024-01-29,77.74557,83.32577,83.230385,76.39413,82.015175
2024-01-30,78.09001,84.12941,84.26719,77.70373,83.367226
2024-01-31,77.333084,83.61878,83.3954,77.012985,82.62868
2024-02-01,76.87127,83.46005,83.03508,76.858345,82.450584
2024-02-02,74.48934,81.304565,80.53025,74.835434,80.46854
2024-02-05,72.62178,79.684,78.60019,73.31278,78.96958
2024-02-06,73.42188,80.01637,78.54093,72.84457,78.688095
2024-02-07,73.50697,79.825806,77.980286,72.09392,78.08009
2024-02-08,75.15086,81.5695,79.43808,73.34037,79.58516
2024-02-09,76.3772,82.795265,80.35517,74.05166,80.52395
2024-02-12,77.02479,83.34844,81.16364,75.07727,81.38368
2024-02-13,77.827324,84.081436,82.001015,76.018875,82.264824
2024-02-14,77.53108,84.22176,82.2313,76.31695,82.50812
2024-02-15,77.529236,84.52115,82.62433,76.787544,82.92224
2024-02-16,78.79449,84.64551,82.43386,76.28447,82.641975
2024-02-19,79.720024,84.81646,82.39975,76.042206,82.54766
2024-02-20,79.140724,84.84344,82.743744,76.735916,82.9374
2024-02-21,78.96492,84.909294,82.98618,77.1791,83.197784
2024-02-22,79.15353,85.18887,82.875015,76.982056,83.05066
2024-02-23,79.244385,85.41132,82.85868,76.956474,83.01245
2024-02-26,78.64303,84.40731,82.00889,76.122475,82.06336
2024-02-27,78.22703,83.73243,81.382065,75.50532,81.35835
2024-02-28,79.10607,83.95627,82.026115,76.328384,82.087074
2024-02-29,79.63805,83.93937,82.32961,76.765625,82.43154
2024-03-01,80.05854,84.5787,82.60913,76.551315,82.74063
2024-03-04,80.50883,85.04256,82.89524,76.51132,83.05893
2024-03-05,79.72661,85.80534,82.87738,76.777756,83.04555
2024-03-06,79.2744,86.48839,82.941055,76.962234,83.12082
2024-03-07,79.75596,85.70205,82.968285,77.06329,83.10687
2024-03-08,79.98714,85.309235,83.00543,77.18665,83.116714
2024-03-11,79.10032,84.23456,82.82694,77.28909,82.92275
2024-03-12,78.51273,83.34293,82.705795,77.39731,82.7833
2024-03-13,79.66589,83.90919,82.85638,77.26227,82.84648
2024-03-14,80.35256,84.08458,82.93427,77.1922,82.85519
2024-03-15,81.477036,85.09563,84.17399,78.62999,84.12739
2024-03-18,82.48422,85.88276,85.10253,79.66368,85.061005
2024-03-19,83.51343,86.539665,85.91245,80.4073,85.800766
2024-03-20,84.5369,87.23165,86.754105,81.228676,86.59259
2024-03-21,82.77586,85.653656,86.016174,80.87239,86.05142
2024-03-22,81.760956,84.682976,85.70183,80.8313,85.86734
2024-03-25,82.065994,85.5274,85.636856,80.40361,85.80862
2024-03-26,82.017204,85.88544,85.50494,80.07956,85.716324
2024-03-27,82.25403,85.44722,85.47698,80.24027,85.54969
2024-03-28,82.41427,85.22242,85.42133,80.27095,85.40271
2024-04-01,83.793,85.74321,86.58174,81.45787,85.37877
2024-04-02,84.84526,86.06449,87.416,82.33508,85.32203
2024-04-03,85.66482,88.230606,88.678185,83.36011,88.16134
2024-04-04,86.54671,89.902084,89.825966,84.34537,90.22452
2024-04-05,87.23794,91.00561,90.28358,84.742905,90.34829
2024-04-08,87.980484,92.26127,90.925804,85.29813,90.99222
2024-04-09,86.99944,91.87866,90.64217,85.2181,90.80512
2024-04-10,86.47999,91.93509,90.60675,85.30823,90.840324
2024-04-11,86.42564,91.82708,90.77746,85.55254,91.06305
2024-04-12,86.24705,91.76294,90.892914,85.75572,91.23607
2024-04-15,86.49158,91.768585,90.44916,84.99579,90.50828
2024-04-16,86.622765,91.7555,90.15544,84.49389,90.021774
2024-04-17,85.14008,90.587685,89.979645,84.65598,89.837776
2024-04-18,84.08977,89.72919,89.77247,84.64013,89.572586
2024-04-19,83.95183,88.58368,88.199844,82.87839,88.12801
2024-04-22,83.569374,87.515015,86.99314,81.5844,86.99938
2024-04-23,83.91985,87.99522,87.69786,82.37202,87.782104
2024-04-24,84.07391,88.06033,87.89026,82.60189,88.05277
2024-04-25,84.56445,88.440186,88.42081,83.14721,88.445465
2024-04-26,84.96489,88.73575,88.86093,83.60793,88.80537
2024-04-29,84.87058,89.1016,88.95661,83.54172,88.836044
2024-04-30,84.9086,89.448494,89.14454,83.61651,88.95468
2024-05-01,82.767136,86.57161,87.94342,83.20747,88.40306
2024-05-02,81.21018,84.55804,87.114456,82.92816,88.03179
2024-05-03,80.606705,84.44316,85.16658,80.20023,85.340744
2024-05-06,79.747406,83.81974,83.51857,78.12821,83.27065
2024-05-07,80.07216,83.23647,83.81215,78.63825,83.689125
2024-05-08,80.07953,82.64193,83.585754,78.4562,83.440704
2024-05-09,80.47307,82.93176,83.97916,78.775566,83.82984
2024-05-10,80.76348,82.98461,84.20638,78.96062,84.04848
2024-05-13,80.42875,83.09166,83.95869,78.93755,83.78564
2024-05-14,80.2616,83.18434,83.83819,78.97026,83.65185
2024-05-15,80.128296,81.229225,83.37203,78.47063,83.14122
2024-05-16,79.98606,79.82287,82.99845,78.113754,82.73179
2024-05-17,81.02381,81.4942,83.79125,78.90162,83.56582
2024-05-20,81.74519,82.34087,84.2717,79.38269,84.066376
2024-05-21,81.15986,81.584564,84.1311,79.302444,83.92042
2024-05-22,80.92455,81.25826,84.15711,79.372475,83.947266
2024-05-23,79.06386,80.0276,83.23194,78.54263,83.09198
2024-05-24,77.63844,79.039246,82.56162,77.953926,82.47284
2024-05-27,78.56374,79.13974,82.64336,77.872765,82.13704
2024-05-28,78.85942,78.94864,82.52331,77.65572,81.725624
2024-05-29,79.95854,80.76467,83.904816,79.18201,83.60828
2024-05-30,80.84242,82.04305,84.883835,80.24117,84.87621
2024-05-31,78.9803,80.46638,83.316216,78.89784,83.49342
2024-06-03,77.85371,79.65443,82.43104,78.19815,82.82068
2024-06-04,75.74812,76.88841,80.352486,75.32849,79.85643
2024-06-05,73.904854,74.64618,78.593636,73.04028,77.506134
2024-06-06,75.46416,76.319824,79.36911,73.76269,78.48558
2024-06-07,76.111885,76.9443,79.46525,73.67847,78.5731
2024-06-10,77.31763,78.30531,80.420906,74.625206,79.51257
2024-06-11,78.37394,79.469025,81.146416,75.29569,80.22375
2024-06-12,78.95106,79.970894,82.30225,76.44656,81.33723
2024-06-13,79.65643,80.65063,83.34277,77.46869,82.34262
2024-06-14,79.49043,80.99814,82.862976,76.878334,81.93176
2024-06-17,79.55783,81.434166,82.790924,76.71973,81.900085
2024-06-18,81.35456,83.11806,83.80286,77.42715,82.82895
2024-06-19,82.687996,84.46736,84.52473,77.90238,83.500374
2024-06-20,82.72354,85.2066,85.34463,78.818665,84.3506
2024-06-21,83.10695,86.10939,86.13811,79.61695,85.15316
2024-06-24,82.51142,86.40047,86.13782,79.62462,85.15788
2024-06-25,82.17832,86.855286,86.35034,79.84409,85.376495
2024-06-26,82.258835,86.306854,86.03045,79.783844,85.078636
2024-06-27,82.22876,86.026825,85.85388,79.7986,84.9192
2024-06-28,82.84881,86.668945,86.31982,80.032135,85.46431
2024-07-01,83.29468,87.064354,86.613594,80.20706,85.820564
2024-07-02,84.01193,87.409615,86.977356,80.68403,86.52424
2024-07-03,84.65664,87.768265,87.32235,81.079926,87.13486
2024-07-04,84.99582,88.17197,87.52237,81.32369,87.16278
2024-07-05,85.41686,88.56356,87.76139,81.608154,87.3468
2024-07-08,84.292786,87.836784,87.49264,81.45951,87.092094
2024-07-09,83.58291,87.40929,87.36021,81.42672,86.9549
2024-07-10,83.47573,86.76593,86.30929,80.23612,85.878334
2024-07-11,83.2072,86.18057,85.50457,79.35559,85.05339
2024-07-12,83.63413,86.75933,86.22548,80.041306,85.72793
2024-07-15,83.87462,87.026505,86.53679,80.30788,86.00123
2024-07-16,82.950035,86.559326,85.353546,79.11367,85.230804
2024-07-17,82.33775,86.288956,84.57085,78.3108,84.73999
2024-07-18,83.57702,86.211365,85.27563,78.97568,84.94765
2024-07-19,84.32023,86.082,85.58197,79.247246,84.96821
2024-07-22,82.04086,84.56021,84.25228,78.223175,83.79371
2024-07-23,80.57138,83.41137,83.360855,77.54625,82.93951
2024-07-24,79.508644,83.10555,82.44001,76.30377,81.95921
2024-07-25,78.33692,82.5736,81.52734,75.21268,81.0126
2024-07-26,78.879234,82.139336,81.81277,75.70708,81.260254
2024-07-29,78.96237,81.67898,81.77714,75.77676,81.18802
2024-07-30,77.582596,80.53765,80.69563,74.60354,79.896065
2024-07-31,76.594955,79.57835,79.89462,73.763176,78.93107
2024-08-01,77.810165,80.79881,80.90116,74.96125,80.27104
2024-08-02,78.43517,81.435616,81.42346,75.613205,80.99324
2024-08-05,75.68123,78.69975,78.0311,72.34343,77.652725
2024-08-06,73.8325,76.86762,75.68768,70.124374,75.40063
2024-08-07,75.544235,77.70994,76.56916,70.48493,76.15144
2024-08-08,76.30195,77.83608,76.586296,70.15445,76.097534
2024-08-09,77.69684,80.05006,77.77401,71.41971,77.37662
2024-08-12,78.92125,81.70462,78.64807,72.257545,78.29878
2024-08-13,79.66669,82.08256,79.90924,73.59511,79.612495
2024-08-14,80.54032,82.8025,81.06654,74.798935,80.82142
2024-08-15,79.659225,82.62237,80.37819,73.972,80.245155
2024-08-16,79.24851,82.68313,80.18478,73.68891,80.14716
2024-08-19,77.63981,81.56668,79.45815,73.14747,79.23615
2024-08-20,76.35231,80.766235,78.87423,72.67546,78.54318
2024-08-21,74.57991,79.3864,77.62208,71.309746,77.25651
2024-08-22,72.93739,78.16152,76.54892,70.18347,76.12899
2024-08-23,74.87742,79.32573,77.32367,70.90837,76.75741
2024-08-26,75.8573,79.85022,77.60315,71.13728,76.91504
2024-08-27,76.52493,80.45511,79.203705,72.92355,78.35168
2024-08-28,77.276306,81.03855,80.450096,74.292725,79.44579
2024-08-29,76.527985,81.02138,79.00276,72.64828,78.503525
2024-08-30,76.18138,81.16516,78.27711,71.81125,78.10677
2024-09-02,75.04523,79.43496,78.17576,72.224686,77.98169
2024-09-03,74.121025,78.20687,77.90689,72.30302,77.78424
2024-09-04,71.8888,76.41187,75.82355,70.26076,75.69246
2024-09-05,70.007034,74.76836,74.226585,68.7866,74.108284
2024-09-06,69.86814,74.08586,73.96236,68.548904,73.82454
2024-09-09,69.26266,73.14614,73.34085,67.980064,73.19278
2024-09-10,68.28509,71.55851,72.29076,67.19496,72.18348
2024-09-11,67.40719,70.144264,71.35549,66.46776,71.27534
2024-09-12,68.74781,71.93847,71.99911,66.59264,71.809006
2024-09-13,69.49423,72.873184,72.219795,66.489105,71.95633
2024-09-16,70.25265,73.43695,72.797356,67.15684,72.42159
2024-09-17,71.00765,74.10008,73.27922,67.618034,72.80163
2024-09-18,71.664375,74.3459,73.68269,68.07801,73.46638
2024-09-19,72.34753,74.70361,74.107216,68.53829,74.05488
2024-09-20,72.46235,75.41215,74.66019,68.92923,74.42011
2024-09-23,72.72948,76.0266,75.178604,69.33901,74.84549
2024-09-24,72.27648,75.490685,75.2189,69.54788,74.94021
2024-09-25,72.01642,75.26305,75.38755,69.810585,75.12346
2024-09-26,70.0458,74.18669,73.841995,68.54952,73.76949
2024-09-27,68.5334,73.33751,72.75546,67.6967,72.8276
2024-09-30,68.93884,72.72262,72.71761,67.54534,72.91186
2024-10-01,68.830505,72.0448,72.3988,67.20605,72.72129
2024-10-02,70.23058,74.1299,73.07775,67.90114,73.7262
2024-10-03,71.22661,75.47501,73.48938,68.31914,74.410675
2024-10-04,73.8823,77.83592,75.75047,70.41888,76.22882
2024-10-07,76.09345,79.92452,77.51619,72.06779,77.743065
2024-10-08,75.25261,79.09055,77.86067,72.69258,78.176445
2024-10-09,75.22968,79.03982,78.5864,73.59171,78.89927
2024-10-10,75.48132,78.88474,77.713585,72.402596,78.02388
2024-10-11,75.65937,78.7575,77.26894,71.77307,77.57702
2024-10-14,75.77181,78.74478,77.44937,72.23645,77.80285
2024-10-15,75.9019,78.70153,77.46221,72.406906,77.84843
2024-10-16,72.71605,75.36411,74.911285,69.833115,75.22932
2024-10-17,70.41826,72.909134,73.047745,67.99457,73.32372
2024-10-18,70.58576,73.310646,73.55624,68.6829,73.88124
2024-10-21,70.092804,72.946884,73.42947,68.69421,73.77868
2024-10-22,71.650246,74.20807,73.53295,68.34583,73.84922
2024-10-23,72.65822,75.03439,73.57481,68.093796,73.87303
2024-10-24,71.678894,74.774864,74.51363,69.33346,74.77223
2024-10-25,71.23195,74.80598,75.212234,70.1733,75.43675
2024-10-28,69.79326,73.47022,73.2389,67.84476,73.34209
2024-10-29,68.620285,72.5005,71.98166,66.365326,71.986855
2024-10-30,68.670784,72.54762,71.522575,66.29546,71.90126
2024-10-31,68.39345,72.32196,70.8498,65.84778,71.47547
2024-11-01,69.43879,73.04628,72.40587,67.07123,72.64383
2024-11-04,70.129585,73.51613,73.36468,67.84697,73.38495
2024-11-05,71.380684,75.3349,74.09771,68.12586,73.94799
2024-11-06,72.48163,76.79203,74.89149,68.53763,74.55851
2024-11-07,72.27292,76.086655,74.53192,68.40927,74.25218
2024-11-08,72.41496,75.96086,74.481285,68.42585,74.19159
2024-11-11,71.13004,73.79608,73.709076,68.02054,73.45739
2024-11-12,70.227554,72.177505,73.130325,67.72824,72.90372
2024-11-13,69.40117,72.748375,72.33728,66.46366,72.06406
2024-11-14,68.5542,72.73274,71.60166,65.45946,71.30084
2024-11-15,68.31674,73.21995,71.62178,65.54404,71.37769
2024-11-18,67.9158,73.57264,71.43902,65.337036,71.22954
2024-11-19,69.08699,73.96855,72.122185,66.025696,71.90068
2024-11-20,69.83721,74.35293,72.57346,66.47425,72.35234
2024-11-21,70.09669,74.761505,73.27787,67.20047,73.023605
2024-11-22,70.48723,75.16362,73.91443,67.85237,73.63577
2024-11-25,70.25394,74.95378,74.00495,68.078896,73.76791
2024-11-26,70.18802,74.907715,74.24184,68.41935,74.02889
2024-11-27,69.49122,74.33499,73.23642,67.29899,73.03422
2024-11-28,68.96362,73.903206,72.56417,66.56999,72.375984
2024-11-29,68.64957,73.85273,72.49845,66.77619,72.53802
2024-12-02,68.27798,73.69958,72.27023,66.731804,72.48016
2024-12-03,69.16681,74.02127,72.53382,66.752716,72.5855
2024-12-04,69.7177,74.21615,72.66561,66.75607,72.64679
2024-12-05,68.95949,74.074745,72.715294,66.97677,72.74572
2024-12-06,68.55231,74.023285,72.78719,67.1391,72.83469
2024-12-09,68.5853,73.75657,72.25168,66.50828,72.260056
2024-12-10,68.50034,73.54734,71.87886,66.09002,71.863335
2024-12-11,69.46106,73.80883,72.349556,66.55223,72.35316
2024-12-12,70.141556,73.94443,72.59403,66.77869,72.605484
2024-12-13,70.77217,74.265526,73.37649,67.71056,73.395676
2024-12-16,71.416275,74.5363,74.01498,68.453224,74.04181
2024-12-17,70.85375,73.91218,73.87907,68.32649,73.85184
2024-12-18,70.61458,73.52819,73.95066,68.4326,73.88573
2024-12-19,70.48307,73.923065,73.51514,67.85052,73.45226
2024-12-20,70.32289,74.10869,73.21551,67.45288,73.1445
2024-12-23,69.95548,73.00738,72.99554,67.56012,73.03698
2024-12-24,69.64345,72.25098,72.7542,67.532074,72.87566
2024-12-26,70.34378,73.14058,73.480225,68.28697,73.15098
2024-12-27,70.773,73.58926,73.9468,68.83229,73.30953
2024-12-30,71.25374,73.756226,74.29927,69.420975,74.37722
2024-12-31,71.720375,73.99834,74.68259,69.997986,75.20129
2025-01-02,72.85797,75.02712,74.85296,70.00454,75.23276
2025-01-03,73.81586,75.845406,75.08047,70.16386,75.47643
2025-01-06,74.2464,76.61657,75.76268,70.68867,75.9422
2025-01-07,74.81814,77.400604,76.322845,71.11568,76.34853
2025-01-08,74.24803,77.33076,76.40044,71.35365,76.75972
2025-01-09,73.983864,77.490074,76.60713,71.64241,77.16954
2025-01-10,75.71823,78.833084,77.35426,72.05573,77.791595
2025-01-13,76.91734,79.8588,77.95676,72.4357,78.357025
2025-01-14,78.2094,81.6229,80.24947,75.27899,80.860954
2025-01-15,79.47633,83.18857,82.089516,77.46208,82.84521
2025-01-16,79.56212,82.794556,82.38958,77.87017,83.094284
2025-01-17,79.964516,82.925476,83.10219,78.75392,83.8085
2025-01-20,78.95297,82.32314,82.717545,78.49456,83.42314
2025-01-21,78.32011,81.917694,82.6267,78.54169,83.33243
2025-01-22,77.03425,80.68571,81.74843,77.54267,82.373405
2025-01-23,75.9238,79.67486,81.08144,76.823875,81.64735
2025-01-24,75.34194,78.969246,80.89442,76.700966,81.4324
2025-01-27,74.61832,78.18202,80.5787,76.418594,81.080635
2025-01-28,74.20132,77.88608,80.123634,76.13589,80.75603
2025-01-29,73.70217,77.458466,79.7061,75.85326,80.42407
2025-01-30,73.29047,77.37937,79.630325,75.86827,80.474
2025-01-31,72.85546,77.20738,79.46289,75.80352,80.4215
2025-02-03,73.315865,76.96954,78.638405,74.45707,79.27785
2025-02-04,73.53632,76.74931,77.99008,73.45411,78.42655
2025-02-05,72.4222,75.768295,77.52396,72.99363,78.09454
2025-02-06,71.66553,74.99094,77.0087,72.3879,77.623535
2025-02-07,71.47478,74.78472,76.88952,72.32495,77.189514
2025-02-10,71.132545,74.42581,76.66452,72.116585,76.745476
2025-02-11,72.63439,76.18697,77.77363,73.18467,77.975845
2025-02-12,73.64185,77.37968,78.52546,73.91065,78.75731
2025-02-13,72.19102,75.88757,77.41956,72.785194,77.59452
2025-02-14,71.39901,75.11481,76.81183,72.15559,76.952545
2025-02-17,71.31615,75.53834,76.91679,72.211395,76.97784
2025-02-18,71.04331,75.6416,76.83067,72.083565,76.82431
2025-02-19,72.22079,76.25821,77.69211,73.05857,77.764366
2025-02-20,73.009544,76.73754,78.29933,73.73828,78.41143
2025-02-21,72.0267,75.974236,77.86568,73.378265,78.08332
2025-02-24,71.51849,75.543976,77.71071,73.29706,78.01676
2025-02-25,70.31664,74.23547,76.59707,72.44814,76.89947
2025-02-26,69.30076,73.1626,75.740265,71.80487,76.0637
2025-02-27,69.999146,74.2688,75.445435,71.41126,76.03582
2025-02-28,70.23825,74.79122,75.00003,70.9508,75.7915
2025-03-03,69.56917,73.87927,75.079445,69.6785,74.77715
2025-03-04,69.14352,73.351524,75.01812,68.62368,73.9693
2025-03-05,67.87669,71.96199,73.31645,66.678,71.89275
2025-03-06,66.835526,70.80362,72.05425,64.97117,70.15638
2025-03-07,67.08637,71.63619,72.52188,65.44989,70.8324
2025-03-10,66.99099,71.93538,72.52576,65.34311,70.862144
2025-03-11,66.768585,71.61172,72.499054,65.31355,70.857285
2025-03-12,66.580574,71.45461,72.480736,65.26308,70.86187
2025-03-13,66.995964,71.41698,72.95748,65.50589,70.90789
2025-03-14,67.24937,71.3475,73.30122,65.670235,70.94269
2025-03-17,67.551254,71.721176,73.557106,65.95274,71.729324
2025-03-18,67.84006,71.97678,73.836555,66.20379,72.31421
2025-03-19,67.61531,71.91503,73.69295,66.09493,72.102875
2025-03-20,67.527985,71.9377,73.6627,66.08257,72.10509
2025-03-21,68.298195,72.44567,74.46491,66.88282,72.83066
2025-03-24,68.838715,72.82374,75.04398,67.46523,73.36229
2025-03-25,69.25355,73.47143,75.43671,67.81197,73.813385
2025-03-26,69.70202,74.04654,75.87954,68.221695,74.28611
2025-03-27,69.875145,74.21779,76.0479,68.477516,74.54293
2025-03-28,70.122,74.497246,76.29009,68.7744,74.857376
2025-03-31,70.78056,75.76215,76.67773,69.35006,75.269394
2025-04-01,71.32864,76.76301,77.02621,69.85125,75.655266
2025-04-02,71.818756,77.12318,77.58261,70.06958,75.86511
2025-04-03,72.32461,77.65539,78.083496,70.36379,76.12219
2025-04-04,66.70392,72.16377,74.03545,66.96029,72.8995
2025-04-07,62.72484,68.28591,71.20665,64.547295,70.60902
2025-04-08,61.869843,66.89079,68.082115,60.529392,67.200554
2025-04-09,60.177425,64.83052,65.03668,56.941284,64.0913
2025-04-10,61.2129,65.899704,65.67915,57.990227,65.26344
2025-04-11,61.51725,66.130264,65.33385,57.79649,65.288
2025-04-14,61.737537,66.59272,66.70865,59.05697,65.75482
2025-04-15,61.980267,66.99331,67.622215,59.927902,66.10318
2025-04-16,62.534344,67.306625,67.90607,60.25729,66.53888
2025-04-17,63.00504,67.6433,68.358864,60.73168,66.951126
2025-04-21,63.85357,68.74672,69.27685,61.60399,67.73031
2025-04-22,64.60077,69.644394,70.07019,62.369576,68.411194
2025-04-23,63.6891,68.714645,70.10356,62.641956,68.69125
2025-04-24,63.222008,68.27465,70.34057,63.046394,69.07858
2025-04-25,63.735397,67.62503,69.44712,62.30885,68.24811
2025-04-28,63.98622,67.03148,68.856384,61.877586,67.7443
2025-04-29,62.696266,65.54265,67.82552,61.077072,66.04508
2025-04-30,61.81913,64.29425,66.912094,60.37583,64.66629
2025-05-01,60.904198,63.288155,64.249374,58.9523,63.089405
2025-05-02,59.999348,62.216743,62.055458,57.722282,61.565834
2025-05-05,59.53779,62.031216,61.41211,56.54233,61.862984
2025-05-06,58.957703,61.60814,60.35328,55.348946,61.672447
2025-05-07,59.62201,61.177452,61.927208,57.392704,62.21665
2025-05-08,59.952938,60.748634,62.795834,58.56907,62.564064
2025-05-09,61.27459,62.630325,63.09446,58.445793,62.876404
2025-05-12,62.33064,63.89364,63.54563,58.671104,63.198025
2025-05-13,63.75655,65.45229,64.806366,59.868805,64.445564
2025-05-14,65.08344,66.9323,65.84999,60.80626,65.445175
2025-05-15,63.927612,65.30452,64.88139,60.053253,64.65557
2025-05-16,63.437206,64.509,64.45194,59.75306,64.3457
2025-05-19,63.931034,65.60982,64.613884,59.60048,64.391335
2025-05-20,64.160934,66.20227,64.61747,59.408363,64.34162
2025-05-21,63.53179,66.03577,65.210594,60.525627,65.129364
2025-05-22,63.13255,66.073105,65.64537,61.29235,65.6927
2025-05-23,63.047943,65.524055,64.42885,59.491837,64.27513
2025-05-26,62.878998,65.13164,63.654976,58.379112,63.388397
2025-05-27,62.46204,64.97705,63.998783,59.047543,63.778816
2025-05-28,62.111633,64.75865,64.04303,59.238888,63.827168
2025-05-29,61.960632,64.75023,64.19824,59.800278,64.37418
2025-05-30,61.756493,64.68595,64.32344,60.26256,64.787834
2025-06-02,62.49684,65.50413,64.27614,59.58956,64.41417
2025-06-03,62.98405,66.08593,64.27536,59.22056,64.25107
2025-06-04,63.430637,66.54676,64.927055,59.6866,64.743454
2025-06-05,63.88777,67.040054,65.40376,59.9289,65.06008
2025-06-06,64.59607,67.465096,65.32273,59.750004,64.99881
2025-06-09,65.23742,67.90831,65.39133,59.684185,65.039116
2025-06-10,65.72244,68.40009,66.54953,61.076046,66.317406
2025-06-11,66.24958,68.87849,67.415924,62.07722,67.26422
2025-06-12,68.274055,70.52875,68.44245,62.979927,68.17011
2025-06-13,69.89716,71.86577,69.42577,63.909122,69.08663
2025-06-16,71.970566,74.26012,71.999214,66.61493,71.65233
2025-06-17,73.92404,76.370804,74.14659,68.84523,73.777214
2025-06-18,75.02197,77.73203,74.91582,69.64732,74.72986
2025-06-19,76.348915,79.2941,76.054436,70.8319,75.99622
2025-06-20,75.792564,79.20049,77.333435,72.05273,77.226944
2025-06-23,75.74086,79.55048,78.574936,73.26381,78.46715
2025-06-24,69.65993,73.5293,73.52661,68.49188,73.38356
2025-06-25,65.19458,69.21527,70.163574,65.32311,69.99455
2025-06-26,66.52312,69.313774,69.27249,64.16159,69.08667
2025-06-27,66.29914,68.22993,67.719124,62.46222,67.51391
2025-06-30,66.33354,68.32916,68.40684,63.68907,68.44075
2025-07-01,66.29869,68.11139,68.49403,64.13186,68.697845
2025-07-02,67.45473,69.143524,68.724,63.945568,68.67403
2025-07-03,68.29134,69.84091,68.91625,63.92734,68.724785
2025-07-04,68.14078,70.40299,69.64127,64.58667,69.44906
2025-07-07,68.25484,71.001945,70.22329,65.0647,69.9929
2025-07-08,69.18628,71.869385,70.64322,65.41732,70.3815
2025-07-09,69.89878,72.664696,71.10694,65.80335,70.81166
2025-07-10,69.00421,71.49649,71.34076,66.287094,71.05781
2025-07-11,68.54046,70.85453,71.63647,66.74458,71.35331
2025-07-14,68.74425,71.229675,71.64451,66.702614,71.396835
2025-07-15,68.76942,71.33201,71.72976,66.794556,71.50819
2025-07-16,67.916756,70.38242,70.65347,65.72439,70.424614
2025-07-17,67.298996,69.71516,69.88814,64.965546,69.66087
2025-07-18,68.34431,70.91689,70.613,65.61804,70.3512
2025-07-21,68.944534,71.61778,70.9389,65.89233,70.65214
2025-07-22,68.01852,70.60426,70.626724,65.94682,70.46542
2025-07-23,67.50151,70.04988,70.48567,66.06023,70.40938
2025-07-24,66.97839,69.88429,70.92956,66.42,70.703316
2025-07-25,66.45688,69.61489,71.21672,66.71361,70.90318
2025-07-28,67.20338,70.14566,71.1473,66.679565,70.93028
2025-07-29,67.61035,70.4623,71.17301,66.73357,71.00417
2025-07-30,69.87221,72.76912,73.44168,68.76673,73.08461
2025-07-31,71.63687,74.543175,75.10923,70.26957,74.627075
2025-08-01,69.730064,72.22884,74.49318,69.8744,73.79954
2025-08-04,68.806885,71.009766,74.48885,69.987656,73.60703
2025-08-05,67.42324,69.94588,72.39609,67.589294,71.53433
2025-08-06,66.16326,68.840996,70.86252,65.86436,69.96597
2025-08-07,65.588776,67.89643,70.5583,65.76468,69.72164
2025-08-08,64.83026,66.90876,69.92492,65.229256,69.122055
2025-08-11,65.06435,67.26241,69.47606,64.52345,68.576164
2025-08-12,65.0324,67.25667,68.97763,63.863464,68.01604
2025-08-13,64.4078,66.80156,68.72524,63.738052,67.737946
2025-08-14,63.942184,66.46632,68.407104,63.469345,67.38453
2025-08-15,64.305664,67.37024,68.72217,63.719498,67.66495
2025-08-18,64.44703,67.94188,68.86758,63.830463,67.77557
2025-08-19,64.0132,67.29805,68.68463,63.87188,67.649315
2025-08-20,63.7335,66.97997,68.58972,63.93208,67.58659
2025-08-21,64.18752,67.76779,69.54954,65.02703,68.4369
2025-08-22,64.444756,68.25915,70.22656,65.84484,69.04262
2025-08-25,64.56637,68.07163,70.52273,65.136665,69.36019
2025-08-26,64.72473,68.06619,70.920876,64.837494,69.75537
2025-08-27,64.43141,67.704704,70.408936,64.17441,69.232376
2025-08-28,64.25914,67.43884,70.14113,63.60862,68.95503
2025-08-29,64.422516,67.78906,70.401596,64.02299,69.42358
2025-09-01,64.49591,67.973755,70.52059,64.17488,69.69247
2025-09-02,65.105354,67.834366,71.590454,64.431656,70.443245
2025-09-03,65.57099,67.781425,72.405685,64.66035,71.06488
2025-09-04,64.37995,67.03178,71.04046,63.75663,70.59715
2025-09-05,63.633003,66.4684,70.26002,63.156048,70.42121
2025-09-08,62.911346,65.81404,69.92148,62.749622,69.126724
2025-09-09,62.182922,65.18442,69.46412,62.291496,68.132286
2025-09-10,63.227737,66.9135,70.35323,63.0747,69.19895
2025-09-11,63.79754,68.0105,70.88158,63.525078,69.71332
2025-09-12,63.114464,67.49633,70.62373,63.19554,69.4599
2025-09-15,62.766872,67.414,70.57638,63.07508,69.41203
2025-09-16,64.01369,68.58441,71.13486,63.570885,69.859276
2025-09-17,64.833305,69.41932,71.5311,63.901512,70.173706
2025-09-18,64.21926,68.49584,71.292076,63.880516,69.996605
2025-09-19,63.98933,68.04361,71.223694,63.953415,69.95076
2025-09-22,63.307148,67.24745,70.21627,63.149643,68.84659
2025-09-23,62.746094,66.54361,69.46056,62.580654,68.02577
2025-09-24,64.218346,68.310974,70.34856,63.07749,68.99105
2025-09-25,65.145805,69.41651,70.795845,63.289062,69.478
2025-09-26,65.73284,70.214035,71.668304,64.571495,70.21712
2025-09-29,66.41115,71.094055,72.42681,65.56708,70.888756
2025-09-30,64.46476,69.304565,70.70639,64.03267,69.77076
2025-10-01,63.221466,68.2299,69.650246,63.176025,69.13232
2025-10-02,62.34374,66.67365,67.63102,61.764473,67.42616
2025-10-03,61.368206,65.2468,65.869774,60.501663,66.00602
2025-10-06,62.033993,66.394165,66.35662,60.69339,65.92286
2025-10-07,62.2599,66.851845,66.24115,60.495342,65.48136
2025-10-08,62.944695,67.24584,66.95337,61.058422,66.23811
2025-10-09,63.506554,67.65755,67.443634,61.417793,66.67378
2025-10-10,61.533043,66.07579,66.583885,60.851566,65.883865
2025-10-13,60.238876,65.02834,66.08586,60.533432,65.422424
2025-10-14,60.015053,64.04648,64.56671,59.128582,63.814537
2025-10-15,59.504585,63.047153,63.321255,58.01488,62.51383
2025-10-16,58.950645,62.11693,63.388603,58.139793,62.68046
2025-10-17,58.408524,61.168083,63.104214,57.932938,62.45421
2025-10-20,58.424255,60.986004,62.36752,57.187847,61.711327
2025-10-21,58.290344,60.59848,61.751865,56.5871,61.10688
2025-10-22,59.034622,61.676956,62.9393,58.130127,62.38813
2025-10-23,59.54364,62.362328,63.643944,59.098526,63.164062
2025-10-24,61.486374,64.79837,66.82068,61.500626,66.45248
2025-10-27,63.045006,66.76536,69.3349,63.51873,69.06767
2025-10-28,61.75854,65.02118,67.01102,61.695282,66.34472
2025-10-29,61.23445,64.27132,65.983734,60.900826,65.05192
2025-10-30,61.40729,64.86711,66.38594,61.069893,65.639084
2025-10-31,61.393185,65.10234,66.40519,60.980724,65.72223
2025-11-03,61.733456,65.48871,66.6655,60.902306,66.45896
2025-11-04,61.97848,65.83429,66.861435,60.820713,67.02035
2025-11-05,61.10882,64.51769,66.033585,60.309,66.02026
2025-11-06,60.53765,63.64663,65.48016,59.9126,65.43834
2025-11-07,60.587963,63.606113,65.22821,59.87967,64.901566
2025-11-10,60.47187,63.34272,64.89595,59.749096,64.35253
2025-11-11,60.749146,63.38759,65.31086,60.24633,64.70543
2025-11-12,60.92098,63.349854,65.52605,60.575165,64.816315
2025-11-13,60.009933,62.511375,64.71734,58.91951,64.90133
2025-11-14,59.389183,61.887318,64.1826,57.79582,64.99373
2025-11-17,60.528778,63.008118,64.75761,57.915955,64.60611
2025-11-18,61.19681,63.661274,65.03482,57.702904,64.34762
2025-11-19,60.875977,63.93196,64.992836,57.896305,64.4734
2025-11-20,60.820396,64.30518,65.036575,57.980713,64.49626
2025-11-21,59.869396,63.533386,64.164154,57.0408,63.55075
2025-11-24,59.158306,63.06828,63.53716,56.375397,62.864746
2025-11-25,58.880707,63.990997,63.61545,56.483902,63.02634
2025-11-26,58.487038,64.54163,63.50445,56.38514,62.961212
2025-11-27,58.72126,64.32933,63.889748,55.983795,63.35649
2025-11-28,58.787117,64.321335,64.14155,55.66366,63.62865
2025-12-01,59.02458,64.12117,64.115425,56.030525,63.97254
2025-12-02,59.21633,63.97272,64.16361,56.213516,64.29754
2025-12-03,59.084488,63.7163,63.625587,55.701935,63.81115
2025-12-04,59.039402,63.48906,63.244717,55.376503,63.542152
2025-12-05,59.781876,64.045715,63.65943,55.75422,63.912872
2025-12-08,60.313175,64.391884,63.8612,55.943405,64.11196
2025-12-09,59.197666,63.36682,63.287987,55.504196,63.494667
2025-12-10,58.522907,62.709717,62.922447,55.23352,63.095688
2025-12-11,58.359898,62.51587,62.12105,54.45356,62.342625
2025-12-12,58.05967,62.197914,61.435966,53.810036,61.684395
2025-12-15,57.424484,61.77236,61.245567,53.75538,61.547405
2025-12-16,56.879234,61.375328,60.92298,53.542774,61.270752
2025-12-17,56.24769,60.668484,60.155586,52.643234,60.44684
2025-12-18,55.639397,60.04451,59.5076,51.927654,59.76954
2025-12-19,56.4418,60.767914,60.011337,52.28858,60.242462
2025-12-22,56.86613,61.129982,60.20662,52.360996,60.40711
2025-12-23,58.05516,62.463882,61.31428,53.44749,61.52495
2025-12-24,59.03927,63.53733,62.177406,54.262177,62.38741
2025-12-26,57.853035,63.51216,62.041397,54.109596,62.3302
2025-12-29,57.248272,63.781372,62.173412,54.21607,62.519073
2025-12-30,57.724857,62.807747,61.594246,53.864777,62.027214
2025-12-31,57.91186,62.16749,61.205196,53.636356,61.718136
2026-01-02,57.56798,62.03543,60.542522,53.317505,61.098534
2026-01-05,57.36651,61.76708,59.953117,53.023087,60.56253
2026-01-06,57.26477,62.013554,59.575363,52.395493,60.098385
2026-01-07,57.136444,62.121468,59.14102,51.857033,59.61521
2026-01-08,57.223236,62.442677,58.998077,51.616142,59.53072
2026-01-09,57.252544,62.70656,58.776947,51.29563,59.33972
2026-01-12,58.647865,64.43292,60.76789,53.93264,61.29745
2026-01-13,59.67728,65.76727,62.16624,55.77718,62.679535
2026-01-14,60.697598,67.221695,62.670662,56.209328,63.184387
2026-01-15,61.72016,68.64369,63.414787,57.01988,63.924103
2026-01-16,59.931767,67.06117,62.991024,56.64959,63.545113
2026-01-19,58.896713,66.28392,62.880066,56.595757,63.465996
2026-01-20,59.874516,67.148125,62.801105,56.22866,63.304916
2026-01-21,60.313004,67.572914,62.71348,55.945747,63.165897
2026-01-22,59.91125,66.49192,62.98928,56.828686,63.484722
2026-01-23,59.73462,65.81469,63.16791,57.399185,63.680573
2026-01-26,60.36862,67.33326,63.26268,57.257523,63.899216
2026-01-27,60.78561,68.263145,63.379784,57.30679,64.1122
2026-01-28,62.05673,69.70358,64.3213,58.01967,64.907074
2026-01-29,63.09905,71.00732,65.04182,58.555023,65.54632
2026-01-30,63.83568,71.028206,66.252365,58.549866,66.854935
2026-02-02,64.6541,71.39308,67.33111,58.68988,67.98447
2026-02-03,63.158455,69.96968,65.87697,57.246254,66.49312
2026-02-04,62.28289,69.02558,65.101425,56.227165,65.70414
2026-02-05,63.21953,69.95651,66.594604,57.966385,67.229126
2026-02-06,63.670464,70.384605,67.48004,58.966263,68.13398
2026-02-09,64.009384,70.638054,67.26464,58.51489,67.995056
2026-02-10,64.37816,70.93822,67.34378,58.452618,68.13607
2026-02-11,64.44067,71.0587,68.18378,59.470276,68.9813
2026-02-12,64.585556,71.227554,68.82017,60.1987,69.63803
2026-02-13,63.593563,70.37463,67.735054,59.16075,68.523254
2026-02-16,62.906105,69.79565,67.11125,58.596195,67.88307
2026-02-17,62.929287,70.05865,66.841194,58.45156,67.793495
2026-02-18,62.76211,70.0964,66.47614,58.19462,67.5565
2026-02-19,65.18962,71.866905,68.308655,58.55938,69.095985
2026-02-20,66.92198,73.17312,69.55212,58.757694,70.15973
2026-02-23,66.434456,72.316765,69.763725,58.872437,70.43495
2026-02-24,66.54156,72.04047,70.251884,59.00954,70.92104
2026-02-25,65.664375,71.30331,69.751305,59.083366,70.47999
2026-02-26,65.0511,70.68916,69.515625,59.174274,70.287834
2026-02-27,66.00753,71.13002,70.158424,59.773125,71.221054
2026-03-02,66.54353,71.28811,70.56572,60.23597,71.85293
2026-03-03,70.765564,77.499756,76.73054,63.026127,77.14445
2026-03-04,73.999435,82.08918,81.353455,65.19229,81.18641
2026-03-05,77.09793,84.73751,84.27612,63.975548,86.06751
2026-03-06,80.232544,87.90574,87.65461,63.665047,90.72353
2026-03-09,88.15058,91.95225,101.193794,82.851585,104.642715
2026-03-10,94.78693,95.76387,112.0101,96.81432,116.080055
2026-03-11,88.09788,92.22321,105.86585,86.995285,112.07306
2026-03-12,84.97956,90.652214,104.26604,83.54862,112.204735
2026-03-13,93.69286,99.093346,118.48876,94.010284,126.678925
2026-03-16,99.235794,104.85133,128.47214,100.74486,137.30978
2026-03-17,94.6327,101.54669,128.95964,100.80283,140.63988
2026-03-18,92.74797,100.67024,131.99152,102.649796,145.92615
2026-03-19,93.43768,100.99128,138.5175,106.214386,149.31102
2026-03-20,93.437645,100.99105,144.10721,109.318825,153.20573
2026-03-23,93.4375,100.99104,143.95966,110.75283,154.12268
