Date,WTI,Brent,OPEC,ESPO,Indian
2022-01-31,87.82463,91.68846,90.438576,90.55791,89.14064
2022-02-01,88.02834,90.99744,90.233795,90.64224,89.14486
2022-02-02,88.26522,90.69169,90.35066,90.99857,89.39768
2022-02-03,89.045654,91.922874,89.90225,90.370125,89.16529
2022-02-04,89.68523,92.69992,89.583,90.014824,89.09006
2022-02-07,90.97997,95.99193,92.29098,92.84961,91.96031
2022-02-08,91.84796,98.264755,93.91678,94.52388,93.68795
2022-02-09,89.8743,95.96947,92.17755,92.67767,92.01949
2022-02-10,88.599335,94.868744,91.440956,91.978264,91.27041
2022-02-11,91.4469,97.07083,92.64224,92.97187,92.3288
2022-02-14,93.17149,98.447014,93.45954,93.7839,93.04172
2022-02-15,93.269775,99.26421,94.450165,95.052574,94.26194
2022-02-16,93.697205,100.07179,95.2106,95.924095,95.12552
2022-02-17,92.55297,96.869896,94.097435,94.99264,93.710815
2022-02-18,91.96432,94.86898,93.613914,94.74574,93.1071
2022-02-21,91.46859,97.14139,93.83496,94.73365,93.35455
2022-02-22,91.00137,98.32728,93.92056,94.720856,93.44528
2022-02-23,91.79153,98.89391,96.09513,96.903755,95.60978
2022-02-24,92.06826,99.3486,97.45252,98.201416,96.94765
2022-02-25,91.4476,98.7074,97.06529,98.346725,96.88121
2022-02-28,91.23648,98.706665,97.535164,99.256485,97.62536
2022-03-01,98.668724,106.20733,101.29419,97.82143,100.04227
2022-03-02,103.735054,111.071266,103.24027,95.62356,101.16695
2022-03-03,106.7045,114.354675,110.253174,98.517914,109.70058
2022-03-04,110.248535,118.100105,115.98436,100.17993,116.30087
2022-03-07,116.29865,125.14175,119.36656,103.546074,118.861404
2022-03-08,121.64835,131.28244,123.355606,106.43422,122.4977
2022-03-09,115.264244,124.01894,125.82846,110.00373,126.52266
2022-03-10,111.927216,120.310555,128.58229,113.185646,130.3458
2022-03-11,109.91693,118.3076,119.021164,100.691216,121.13106
2022-03-14,107.443726,115.84271,112.65393,92.34429,115.44982
2022-03-15,101.10067,109.42262,108.37148,87.81311,112.14624
2022-03-16,95.62703,103.62952,103.087555,81.8568,107.863556
2022-03-17,98.72621,108.126,104.15078,82.44827,105.196236
2022-03-18,99.746506,110.43077,104.10419,81.847786,102.54852
2022-03-21,106.11554,115.95903,109.53009,87.03024,106.71038
2022-03-22,110.91612,120.559906,113.31386,90.4764,109.014694
2022-03-23,111.74594,123.22751,114.86632,89.4329,112.83772
2022-03-24,113.80588,126.3566,117.01448,89.668594,116.111435
2022-03-25,114.607025,123.52762,116.87398,90.545815,115.59215
2022-03-28,115.60349,122.147255,117.235214,91.165016,115.97099
2022-03-29,109.08671,116.903915,113.295746,88.67018,112.1987
2022-03-30,104.41321,112.73652,110.4023,86.90679,109.63431
2022-03-31,103.49811,111.22033,109.28516,85.81436,109.08398
2022-04-01,101.59124,108.99461,107.716995,84.5569,107.9823
2022-04-04,102.17343,108.45845,106.745514,81.79396,104.73584
2022-04-05,101.95004,106.90596,105.04391,78.83828,101.450775
2022-04-06,99.18365,104.19146,106.22344,81.521164,102.99911
2022-04-07,96.91413,101.06141,105.84349,82.00044,102.585205
2022-04-08,96.782486,100.254944,101.81446,78.00274,99.0783
2022-04-11,96.108925,99.21426,99.15003,75.5465,96.7486
2022-04-12,97.54603,101.47295,101.17717,76.35563,98.54673
2022-04-13,98.33856,102.26528,101.44412,76.02583,98.85885
2022-04-14,103.32222,107.52429,105.64968,80.486496,99.81009
2022-04-15,107.096054,111.40614,108.58859,83.48361,100.32992
2022-04-18,106.75115,110.3403,109.24942,84.431564,104.28765
2022-04-19,107.58875,110.592285,110.556915,86.0291,107.34469
2022-04-20,103.902954,107.05651,109.2613,84.68003,106.20694
2022-04-21,101.530136,104.14195,108.334175,84.04254,105.9567
2022-04-22,102.404205,105.09198,107.85238,83.30758,105.19892
2022-04-25,102.43951,104.98297,107.23602,82.49977,104.49846
2022-04-26,101.49182,102.54211,104.23508,79.8371,101.41737
2022-04-27,100.66547,100.65365,101.74552,77.50942,98.83164
2022-04-28,102.99582,103.84103,104.443596,80.403244,102.15103
2022-04-29,104.55049,105.67634,105.78702,82.01155,103.95701
2022-05-02,104.2507,106.57499,108.06212,83.23685,104.76987
2022-05-03,104.24353,107.99225,109.94092,84.79306,106.567215
2022-05-04,105.32464,108.070206,110.11311,83.2182,105.532295
2022-05-05,105.81218,108.13897,110.005325,82.061615,105.04035
2022-05-06,107.66796,111.17728,112.42366,83.730835,107.53521
2022-05-09,109.54859,113.943375,114.77161,85.37697,109.82752
2022-05-10,103.344376,106.62363,110.51495,82.22789,105.55674
2022-05-11,99.373146,102.05162,108.1212,80.54709,103.22279
2022-05-12,104.22795,106.72366,109.301605,80.2562,104.42674
2022-05-13,106.38652,108.176506,108.7449,78.808136,103.861984
2022-05-16,110.70062,112.120544,112.01849,82.55665,106.98393
2022-05-17,114.27574,115.20644,114.04443,84.602036,108.897
2022-05-18,111.09596,111.86037,114.305466,86.01279,109.44903
2022-05-19,110.21332,110.610985,115.5153,88.31187,110.781845
2022-05-20,111.62756,112.744774,114.30983,87.05877,109.2567
2022-05-23,112.32212,113.910034,113.67027,86.63295,108.43719
2022-05-24,111.600586,114.684685,114.83098,87.733406,109.61925
2022-05-25,111.09416,115.305954,115.23999,88.221794,110.08937
2022-05-26,113.83682,117.48425,116.01492,88.95194,110.625534
2022-05-27,115.59053,119.107285,116.581314,89.47873,111.05673
2022-05-30,114.82793,121.422035,119.14593,92.01767,113.99591
2022-05-31,114.74526,123.52994,121.1431,94.033325,116.21652
2022-06-01,114.900986,122.74696,119.27692,91.569046,115.48877
2022-06-02,114.81613,122.907684,118.455795,90.40815,115.96239
2022-06-03,117.036606,123.70767,117.25185,87.94489,115.25105
2022-06-06,118.7678,124.26295,116.13385,85.794685,114.58994
2022-06-07,118.77524,125.669815,118.874084,88.1844,116.66643
2022-06-08,119.537476,126.830185,120.653114,89.91057,118.29362
2022-06-09,120.85582,127.75865,122.088905,91.06094,119.60341
2022-06-10,121.96249,128.92007,123.42953,92.54612,121.317986
2022-06-13,121.19327,128.27129,122.26428,90.59766,119.8293
2022-06-14,120.894875,128.00235,121.90793,89.3693,118.99417
2022-06-15,118.48958,126.86879,121.890015,89.302704,118.77983
2022-06-16,116.59557,125.908966,121.81929,88.87031,118.29472
2022-06-17,113.56756,122.85344,119.39189,87.66289,116.99744
2022-06-20,110.95863,120.37432,117.676575,86.800766,116.04434
2022-06-21,110.41336,119.20845,115.91517,84.02395,113.60576
2022-06-22,109.28265,117.559525,113.83679,81.96159,111.66583
2022-06-23,106.881165,115.63434,111.81252,80.18499,109.74031
2022-06-24,104.813324,113.798386,109.82889,78.2822,107.79455
2022-06-27,109.03077,117.663376,112.975136,80.89495,110.488785
2022-06-28,111.710655,119.821106,114.64004,82.73947,112.10344
2022-06-29,111.419846,120.46918,116.46702,85.56747,114.98784
2022-06-30,111.895325,121.58284,118.28085,88.07647,117.517456
2022-07-01,110.58522,120.6771,115.17337,84.78039,113.10048
2022-07-04,109.56566,120.21011,113.26761,82.60368,110.28986
2022-07-05,105.90158,115.874405,114.1402,82.45173,113.080414
2022-07-06,102.81537,112.489525,114.199646,81.60195,114.234406
2022-07-07,103.27825,112.06546,108.31735,74.8596,106.20877
2022-07-08,102.839714,110.87297,104.10225,69.772705,100.69723
2022-07-11,104.738785,113.09097,107.8408,74.832436,105.48146
2022-07-12,106.014786,114.40572,109.541336,77.371315,107.64725
2022-07-13,100.21971,108.86873,106.048874,73.73085,103.229095
2022-07-14,96.11552,104.82712,103.69772,71.46215,100.33725
2022-07-15,98.42799,109.451164,103.865814,70.81217,100.94915
2022-07-18,99.04143,111.76259,103.39049,69.7526,100.65213
2022-07-19,103.60136,114.38044,107.819046,74.34135,104.7717
2022-07-20,107.12979,116.95859,111.00414,77.496826,107.78138
2022-07-21,101.92783,114.1097,108.812706,75.75426,105.53813
2022-07-22,98.92975,112.569244,107.88952,75.17008,104.56059
2022-07-25,99.0517,109.15983,107.302666,74.79343,104.08032
2022-07-26,98.34288,106.25546,106.64046,74.39027,103.4993
2022-07-27,98.7557,108.15457,108.00728,76.378365,104.24838
2022-07-28,98.88224,108.78755,108.857155,77.754036,104.66658
2022-07-29,99.70466,109.89292,110.07147,79.27152,106.96032
2022-08-01,100.3305,110.819244,111.17759,80.775475,108.73378
2022-08-02,97.61099,107.390045,107.02832,83.149734,103.293396
2022-08-03,95.83579,105.10621,104.36212,85.333206,99.82236
2022-08-04,93.0191,100.92757,102.75992,82.909294,98.10176
2022-08-05,90.48772,97.285965,100.89887,81.758354,95.945366
2022-08-08,92.04773,100.726166,100.48032,80.19551,96.09581
2022-08-09,92.54325,102.39614,99.77469,78.911316,95.765884
2022-08-10,93.65366,103.87878,100.67472,80.11466,96.240524
2022-08-11,94.63035,105.443855,101.196266,80.70059,96.56492
2022-08-12,95.01622,104.56613,102.53215,82.92443,97.58493
2022-08-15,95.67461,104.536766,103.80726,84.863846,98.55612
2022-08-16,91.60726,98.83125,99.425964,81.23378,94.96452
2022-08-17,88.74484,94.55454,96.51699,79.048645,92.57031
2022-08-18,91.357445,96.302666,97.3091,79.75596,92.00195
2022-08-19,92.535965,96.4827,97.144226,79.72556,90.97701
2022-08-22,93.05566,95.85937,98.332855,81.26949,93.86294
2022-08-23,93.78995,95.46355,99.210144,82.44007,95.73773
2022-08-24,94.84828,98.141464,101.918236,85.42154,97.505264
2022-08-25,95.73356,99.904236,104.01529,87.79641,99.20068
2022-08-26,94.367004,99.85007,103.57529,89.68872,99.01748
2022-08-29,93.57496,100.22889,103.78694,91.64775,99.28728
2022-08-30,93.78799,100.01957,105.01688,92.12544,100.54466
2022-08-31,93.664154,99.84097,105.88774,92.91872,101.47808
2022-09-01,89.729324,95.52341,101.13201,87.699974,96.92156
2022-09-02,86.55425,91.81257,97.35075,83.469376,93.263214
2022-09-05,87.53622,93.70083,99.39822,85.34344,95.08492
2022-09-06,87.4381,94.04774,99.880905,85.45642,95.38548
2022-09-07,84.85806,89.812386,97.40522,84.008484,92.969795
2022-09-08,82.83634,86.60928,95.51562,82.74039,91.032234
2022-09-09,85.24527,89.63498,94.85559,80.90269,90.29034
2022-09-12,86.49631,91.04871,93.97221,79.28249,89.34092
2022-09-13,87.46748,92.13615,96.86498,82.76528,92.29088
2022-09-14,88.20793,92.58966,97.977295,83.97591,93.397064
2022-09-15,86.88322,90.934235,97.27158,83.24811,92.82387
2022-09-16,86.25543,89.96226,97.1275,83.051476,92.722984
2022-09-19,86.15546,89.86163,96.29384,81.849785,91.969246
2022-09-20,85.77784,89.324356,95.36714,80.47116,91.10952
2022-09-21,84.70479,90.02308,96.20092,82.25807,91.63878
2022-09-22,83.729225,90.29265,96.56771,83.37923,91.83053
2022-09-23,81.40329,87.10477,94.18506,81.04561,89.53241
2022-09-26,79.46736,84.87398,92.58688,79.7358,88.012184
2022-09-27,78.73925,84.65303,90.08519,76.76201,85.26056
2022-09-28,77.84754,84.14899,88.001305,74.31546,82.92091
2022-09-29,80.22579,87.46758,90.85422,77.01806,86.04584
2022-09-30,81.61601,89.362526,91.84797,77.6998,87.12666
2022-10-03,82.21304,89.955986,91.70562,78.86115,88.36484
2022-10-04,82.85401,90.50866,91.35004,79.20059,89.08827
2022-10-05,85.54511,92.31321,92.29667,79.48721,89.828636
2022-10-06,88.25652,94.70846,93.93663,81.18368,91.56775
2022-10-07,90.36476,96.769226,96.29945,83.62984,94.179504
2022-10-10,92.48664,98.65816,98.1968,85.480484,96.24992
2022-10-11,90.46299,96.221436,97.20294,85.04338,95.07883
2022-10-12,89.475235,94.80862,96.82593,85.09521,94.689606
2022-10-13,88.95793,94.67467,95.15981,83.62575,93.10165
2022-10-14,88.306465,94.15092,93.78115,82.50507,91.79374
2022-10-17,86.20707,91.6217,92.79473,81.66709,90.76413
2022-10-18,84.6909,90.20222,92.31173,81.50057,90.2404
2022-10-19,84.93886,90.43888,90.604744,79.87056,88.24514
2022-10-20,84.759346,90.395515,89.388245,78.86592,86.87338
2022-10-21,85.306694,91.27312,91.48809,81.10109,89.92023
2022-10-24,85.38352,91.55337,92.313705,82.0033,91.18766
2022-10-25,86.17668,91.47899,92.15937,82.39256,90.3334
2022-10-26,86.91746,91.58919,92.32264,82.9778,90.15387
2022-10-27,88.29917,93.122025,93.73002,84.78649,91.84571
2022-10-28,89.569786,94.35711,94.88676,86.429985,93.11687
2022-10-31,87.23169,93.22878,93.46954,84.81151,91.47555
2022-11-01,86.22409,93.53308,93.53577,85.05266,91.5086
2022-11-02,88.231606,94.84921,94.171715,84.62231,92.02609
2022-11-03,89.30919,95.77472,94.70544,84.632454,92.47071
2022-11-04,90.5846,97.62278,95.364204,85.56418,93.041336
2022-11-07,91.723946,99.08487,95.83402,85.96091,93.35313
2022-11-08,89.95032,97.717384,96.03569,86.038704,93.49382
2022-11-09,89.006,97.18329,96.42061,86.44033,93.83619
2022-11-10,87.33221,94.984665,93.270645,83.888435,90.86036
2022-11-11,85.87915,93.23105,91.0781,82.11185,88.76583
2022-11-14,86.72092,94.3023,93.37989,84.86273,91.06902
2022-11-15,87.02033,94.74917,94.637276,86.48528,92.325745
2022-11-16,86.10481,93.64705,92.528275,84.62276,90.08539
2022-11-17,85.447876,92.821976,91.15738,83.5987,88.61335
2022-11-18,81.8229,90.337906,88.99921,81.98616,86.66885
2022-11-21,79.042496,88.39917,87.15097,80.59646,84.9616
2022-11-22,79.91663,88.374054,86.235886,79.96221,83.857155
2022-11-23,79.77396,87.75453,84.94848,78.99916,82.46488
2022-11-24,78.28623,86.18482,83.9093,77.91848,83.1017
2022-11-25,77.0988,84.79857,82.74535,76.762115,83.070885
2022-11-28,76.80365,83.78103,81.9548,75.72257,80.84993
2022-11-29,76.31875,82.69695,81.10414,74.732285,79.2631
2022-11-30,78.62173,84.230675,82.71984,76.51505,81.30616
2022-12-01,80.24847,85.15444,83.82423,77.89353,82.59018
2022-12-02,79.67636,85.509476,83.55517,77.94786,82.699265
2022-12-05,80.31089,86.879196,84.42796,79.13462,83.849
2022-12-06,76.52354,82.67121,81.82084,76.95381,80.91713
2022-12-07,73.738106,79.71368,79.93882,75.53824,78.93703
2022-12-08,72.163506,77.46448,77.08806,72.56752,75.996704
2022-12-09,70.25811,74.985344,74.460846,70.05351,73.39802
2022-12-12,71.83668,76.88103,75.03906,70.10191,74.06446
2022-12-13,72.437485,77.54119,74.949585,69.83272,73.71789
2022-12-14,75.164665,80.812805,78.18668,72.80897,76.91893
2022-12-15,77.36842,83.37545,80.53896,74.86708,79.15976
2022-12-16,75.2909,81.63437,79.4601,74.09435,78.06295
2022-12-19,74.117546,80.77404,79.025444,73.817,77.65782
2022-12-20,75.234146,80.42027,78.286995,72.99257,76.99978
2022-12-21,75.90049,80.108734,77.7707,72.51852,76.62155
2022-12-22,77.142,80.001495,79.53285,74.43118,76.88633
2022-12-23,78.0692,79.65624,80.52295,75.53195,76.79378
2022-12-27,78.81769,81.543175,81.220856,76.51632,78.44384
2022-12-28,79.59541,82.8353,81.99185,77.54936,79.6929
2022-12-29,79.0894,81.91908,81.32918,76.9364,79.510086
2022-12-30,78.93016,81.524414,81.021706,76.6709,79.630486
2023-01-03,77.85026,80.820244,81.21069,77.555305,79.17159
2023-01-04,76.965256,80.082504,81.24033,78.18857,78.745926
2023-01-05,74.38319,77.38255,77.63271,74.253815,77.33276
2023-01-06,71.93383,74.55338,74.322075,70.8644,75.539505
2023-01-09,73.865654,76.75707,76.90648,72.36457,76.89543
2023-01-10,74.367676,77.22277,77.426735,71.90696,76.94517
2023-01-11,75.752335,79.21704,77.62639,71.20121,77.39783
2023-01-12,77.02598,80.906555,78.239586,71.045616,77.94183
2023-01-13,78.55505,82.32435,80.67553,73.81377,80.47124
2023-01-16,79.951294,83.700386,82.428116,75.513405,82.323586
2023-01-17,79.79988,83.49754,82.80052,75.79251,82.58437
2023-01-18,79.86402,83.53838,83.38793,76.36845,83.12469
2023-01-19,79.78383,84.15463,83.19156,75.92034,82.87761
2023-01-20,79.76461,84.629105,83.19886,75.77263,82.885735
2023-01-23,80.904305,86.44085,84.731255,77.25937,84.18213
2023-01-24,81.67553,87.86232,85.93031,78.44914,85.07447
2023-01-25,80.216194,85.78974,84.72418,77.20358,84.37683
2023-01-26,79.438675,84.78066,84.36049,76.92553,84.27178
2023-01-27,79.49309,85.24915,84.58464,77.36275,84.225525
2023-01-30,79.5447,85.65529,84.9597,77.96373,84.54557
2023-01-31,78.79951,84.491066,83.51654,76.44518,83.3939
2023-02-01,78.07562,83.49519,82.34111,75.24537,82.4493
2023-02-02,76.43182,81.49984,81.688,75.38608,82.15175
2023-02-03,75.18913,80.04222,81.07004,75.489006,81.83646
2023-02-06,74.413284,80.17673,79.57552,73.72873,80.19151
2023-02-07,73.44209,79.7513,78.14469,72.18205,78.75784
2023-02-08,76.46264,82.30845,80.50975,73.13894,81.03069
2023-02-09,78.61142,84.37128,82.31807,74.10817,82.68444
2023-02-10,78.90061,84.70935,83.19143,74.8327,83.70415
2023-02-13,79.64809,85.426636,84.136696,75.34068,84.78124
2023-02-14,79.219894,85.05565,83.84123,75.00923,84.43833
2023-02-15,79.31885,85.292816,84.27957,75.46565,84.83686
2023-02-16,78.39509,83.99574,83.41245,73.89995,83.888504
2023-02-17,78.21242,83.66597,83.50185,73.747696,83.98912
2023-02-20,77.1134,83.15288,82.66832,73.096634,83.200645
2023-02-21,75.85493,82.21224,81.54708,71.82295,82.05208
2023-02-22,75.10223,81.11015,81.15474,71.21186,81.423965
2023-02-23,74.271904,80.09294,80.59587,70.552605,80.85023
2023-02-24,75.23261,81.41952,81.251625,71.24978,81.610115
2023-02-27,75.63382,81.97705,81.4313,71.33281,81.80062
2023-02-28,76.0823,82.31463,81.73157,71.87659,82.27574
2023-03-01,76.31748,82.40572,81.76961,72.040436,82.62257
2023-03-02,77.30026,83.55063,82.657776,72.62416,83.12341
2023-03-03,78.00799,84.25065,83.13256,72.72905,83.3988
2023-03-06,78.94823,84.778786,83.69561,73.27351,83.8715
2023-03-07,80.29855,86.014275,84.83824,74.368225,84.89623
2023-03-08,77.58421,83.22612,83.41813,73.21918,83.586945
2023-03-09,75.90668,81.45028,82.63048,72.66808,82.84339
2023-03-10,76.3635,81.96616,81.93552,71.62958,82.14276
2023-03-13,75.88513,81.09063,80.40372,69.64772,80.40768
2023-03-14,73.0272,78.67656,80.175186,70.314316,80.424255
2023-03-15,70.93492,76.68107,79.52125,70.07735,79.83147
2023-03-16,68.825806,74.39102,76.379456,67.13437,76.866035
2023-03-17,66.60408,72.11333,73.791855,64.77969,74.289154
2023-03-20,67.18198,72.15714,72.84169,63.102787,73.246376
2023-03-21,67.03511,71.68963,71.558846,61.514503,71.84894
2023-03-22,69.16216,74.401436,73.90377,63.911556,74.1888
2023-03-23,70.59451,76.03109,75.07899,64.83166,75.33624
2023-03-24,69.43772,74.05081,74.43212,64.55933,74.61828
2023-03-27,69.1348,73.27771,74.533424,64.9371,74.771515
2023-03-28,71.77917,76.40427,76.266495,66.560646,76.533554
2023-03-29,73.53246,78.36364,77.558365,67.80551,77.60436
2023-03-30,73.320244,77.71407,77.326294,67.74726,77.9468
2023-03-31,73.53511,77.58345,77.123314,67.48709,78.28388
2023-04-03,76.99271,81.57753,80.79275,70.451645,78.53943
2023-04-04,79.691345,84.61875,83.6589,72.98322,79.110466
2023-04-05,80.07397,85.1324,84.588066,74.707115,83.23027
2023-04-06,81.05946,86.309204,86.02519,76.66651,86.41397
2023-04-10,80.02726,86.14549,85.21861,76.186485,84.86455
2023-04-11,79.79136,86.56572,85.18289,76.558975,84.778854
2023-04-12,81.69729,87.38558,86.05489,77.14571,85.52495
2023-04-13,83.00916,88.10475,86.75789,77.90951,86.19245
2023-04-14,82.275475,87.14943,86.88373,78.1946,86.292564
2023-04-17,82.15334,86.72717,87.28271,78.78964,86.66922
2023-04-18,81.25796,86.059296,86.29026,77.70103,86.012215
2023-04-19,80.472145,85.33727,85.59845,77.01257,85.58069
2023-04-20,78.39753,83.74041,83.15397,74.4577,82.77193
2023-04-21,76.91894,83.17587,82.17023,73.801056,81.88827
2023-04-24,78.12656,83.86188,82.52673,73.86813,82.1717
2023-04-25,78.50486,84.082,82.44678,73.86605,81.846375
2023-04-26,75.95685,81.220436,81.6389,73.246956,81.442726
2023-04-27,74.11944,79.09898,80.96798,72.81963,80.87944
2023-04-28,75.63233,80.65396,79.916725,71.84574,80.138115
2023-05-01,76.43556,81.412674,79.19756,71.26834,79.783104
2023-05-02,73.680176,78.7802,78.914925,71.17263,79.13309
2023-05-03,71.86598,77.09581,78.43596,70.80138,78.34491
2023-05-04,69.44579,73.92765,74.26695,66.15958,74.22153
2023-05-05,67.323044,71.51405,71.52268,63.213173,71.54127
2023-05-08,70.89808,74.676956,74.56839,66.47077,73.53551
2023-05-09,73.32318,76.68509,76.51533,68.502174,74.3708
2023-05-10,72.76225,76.84487,76.73546,68.746475,75.871086
2023-05-11,72.83754,77.22757,76.98471,68.80807,76.893715
2023-05-12,70.828224,75.29701,75.44303,67.173225,75.00045
2023-05-15,69.52921,74.14221,74.59507,66.38779,74.16842
2023-05-16,70.50567,74.943436,74.62694,66.81149,74.177536
2023-05-17,71.061676,75.413826,74.64692,67.15891,74.286354
2023-05-18,71.64706,75.83109,75.2502,68.36225,74.909225
2023-05-19,72.19522,76.22677,75.7129,69.36341,75.37117
2023-05-22,71.60846,75.598946,75.27802,68.74224,74.93302
2023-05-23,71.33576,75.274826,75.115715,68.63003,74.782715
2023-05-24,72.96182,76.8312,76.62279,70.16192,76.194496
2023-05-25,73.7621,77.468414,77.20494,70.55463,76.86457
2023-05-26,72.476685,76.38066,76.59668,70.06483,76.1995
2023-05-29,71.6921,75.53481,75.99401,69.32017,75.3049
2023-05-30,70.43973,74.38448,75.64796,69.32016,75.066696
2023-05-31,69.40265,73.31267,75.201836,69.0109,74.652405
2023-06-01,69.60561,73.63602,73.676956,67.02365,73.21434
2023-06-02,69.30464,73.44986,72.23915,65.31525,71.85622
2023-06-05,71.04798,75.44334,74.75267,67.974495,74.39291
2023-06-06,72.174484,76.70179,76.12014,69.20565,75.695335
2023-06-07,71.95329,76.40781,75.745476,68.90402,75.40114
2023-06-08,72.29462,76.799675,76.10783,69.428406,75.77892
2023-06-09,70.55887,75.11813,75.74684,69.262794,75.43981
2023-06-12,69.35695,73.960014,75.55559,69.26726,75.21718
2023-06-13,68.68073,73.48047,73.942955,67.37672,73.580734
2023-06-14,67.761185,72.63212,72.51711,65.85661,72.33457
2023-06-15,69.236786,74.375786,73.948524,67.45869,73.77612
2023-06-16,69.984535,75.32202,74.566376,68.146706,74.39018
2023-06-19,70.93553,75.82466,75.62578,69.57523,75.5355
2023-06-20,71.70935,76.281944,76.42419,70.59171,76.399796
2023-06-21,71.52177,76.17639,76.82582,70.97838,76.82625
2023-06-22,71.62429,76.25168,77.36731,71.58092,77.38447
2023-06-23,69.768326,74.45693,75.5792,69.914085,75.643845
2023-06-26,68.38886,73.16205,74.35748,68.80903,74.444405
2023-06-27,68.1716,72.666,74.59586,69.15737,74.58459
2023-06-28,67.87767,72.17846,74.67188,69.302536,74.66145
2023-06-29,69.29309,73.51573,74.768074,69.50374,74.67644
2023-06-30,70.11076,74.09569,74.56016,69.336395,74.511696
2023-07-03,69.7177,74.26539,75.42476,69.677765,75.37251
2023-07-04,69.52511,74.44073,76.122795,70.06563,75.82102
2023-07-05,70.460724,75.80445,76.26768,70.16845,75.857315
2023-07-06,70.998505,76.75655,76.487175,70.32523,75.978836
2023-07-07,72.23717,77.43128,77.58593,71.37875,77.18885
2023-07-10,73.2463,78.10186,78.40662,72.062256,77.96315
2023-07-11,73.81805,78.68079,79.166336,72.78848,78.64374
2023-07-12,74.26841,79.0012,79.6129,73.00509,79.007706
2023-07-13,75.716,80.41031,80.83892,74.40969,80.31679
2023-07-14,76.77193,81.37292,81.722015,75.35723,81.24213
2023-07-17,75.22888,79.42453,80.90125,74.65499,80.40446
2023-07-18,74.29909,78.1625,80.43306,74.2495,79.92456
2023-07-19,75.0687,79.06584,80.81931,74.59521,80.33258
2023-07-20,75.5958,79.637085,81.387146,75.32342,80.804436
2023-07-21,76.20445,80.26258,81.564026,75.557365,81.12581
2023-07-24,76.7305,80.79673,81.81869,75.807434,81.35723
2023-07-25,78.29283,82.14102,83.30644,77.08327,82.723976
2023-07-26,79.72429,83.453094,84.62916,78.36074,84.056915
2023-07-27,79.559166,83.60215,84.68525,78.349464,84.07393
2023-07-28,79.77635,84.01007,85.0194,78.56344,84.34941
2023-07-31,80.89634,84.72695,85.73904,79.17488,85.02932
2023-08-01,81.78453,85.37187,86.37221,79.7274,85.64011
2023-08-02,80.467636,84.63964,86.22345,79.650085,85.4355
2023-08-03,79.54568,83.97862,86.065636,79.55591,85.227776
2023-08-04,81.46051,86.04509,86.93159,80.10246,86.06064
2023-08-07,82.61002,87.377365,87.66692,80.846535,86.78603
2023-08-08,82.61861,87.530876,87.729546,81.403145,87.04671
2023-08-09,82.83477,87.88505,87.78595,81.60936,87.14572
2023-08-10,83.15976,88.04076,88.739815,81.33636,87.832985
2023-08-11,83.515236,88.33693,89.61696,81.54982,88.60717
2023-08-14,82.891914,87.82415,88.91713,81.7305,88.15634
2023-08-15,82.502426,87.480095,88.633156,81.94127,88.006165
2023-08-16,80.60032,85.700165,87.5058,80.73667,86.728424
2023-08-17,79.19895,84.4239,86.72268,80.05456,85.9068
2023-08-18,80.49453,85.45032,86.680405,79.82999,85.86647
2023-08-21,81.07007,85.8555,86.464386,79.61969,85.656334
2023-08-22,80.34797,85.12444,86.73183,80.10864,86.00586
2023-08-23,79.92787,84.61162,86.81646,80.33759,86.15899
2023-08-24,79.418816,84.18841,86.00859,79.435196,85.329346
2023-08-25,78.99153,83.84619,85.550156,78.9387,84.890976
2023-08-28,80.00981,84.96592,86.55531,79.65931,85.78288
2023-08-29,80.64801,85.69282,87.22009,80.19586,86.36601
2023-08-30,81.000595,86.02153,87.27602,80.43625,86.49144
2023-08-31,81.460556,86.48383,87.54382,80.863014,86.78829
2023-09-01,83.658905,88.26222,88.91216,81.8042,87.65784
2023-09-04,85.28054,89.56559,89.751045,82.19623,88.151474
2023-09-05,85.78015,90.39162,90.70384,82.947716,89.21529
2023-09-06,86.80649,91.63036,92.01985,84.23539,90.51606
2023-09-07,86.907875,91.38209,92.375336,84.82702,90.03895
2023-09-08,87.19179,91.469284,92.933624,85.50934,89.95466
2023-09-11,87.308495,91.87917,92.89131,85.36373,91.0526
2023-09-12,87.553604,92.317856,93.19038,85.7511,92.04636
2023-09-13,88.26239,92.959694,94.15479,86.74703,92.77099
2023-09-14,88.93028,93.66916,95.13739,87.91055,93.78772
2023-09-15,90.075775,94.95556,96.14258,88.90928,94.73786
2023-09-18,91.032,95.98852,97.00472,89.735466,95.56374
2023-09-19,90.917206,95.90552,96.887825,89.32965,95.45978
2023-09-20,91.112015,96.163055,97.0704,89.33669,95.6656
2023-09-21,89.90223,94.63724,95.85435,88.155334,94.3969
2023-09-22,89.09093,93.62247,95.05327,87.350624,93.575134
2023-09-25,89.48947,93.794754,95.17016,87.819565,93.935196
2023-09-26,89.70738,93.841644,95.239044,88.23227,94.18251
2023-09-27,91.821,95.562225,96.08436,88.81853,93.78817
2023-09-28,93.41458,96.81178,96.699585,89.30294,93.52824
2023-09-29,91.42001,95.7582,96.62639,89.97821,95.81619
2023-10-02,90.40484,95.33691,96.817276,90.77636,97.50618
2023-10-03,89.479065,93.931015,95.110176,87.60083,94.09563
2023-10-04,88.434814,92.63701,93.81117,85.42938,91.98241
2023-10-05,84.61086,89.69541,90.829185,82.930084,89.33382
2023-10-06,81.5843,87.27344,88.37653,80.59683,86.91182
2023-10-09,82.91898,89.61326,89.2354,80.87754,87.63252
2023-10-10,83.05361,90.67167,89.1727,80.473,87.43393
2023-10-11,83.47884,88.74447,89.709435,81.745995,88.07586
2023-10-12,83.86521,87.649895,90.06429,82.54693,88.479126
2023-10-13,85.1172,90.633514,90.65228,82.46495,89.035545
2023-10-16,85.84952,92.08878,90.75124,82.22386,89.11225
2023-10-17,86.273346,91.80677,92.37932,84.29893,90.79008
2023-10-18,86.68717,91.86241,93.44592,85.71791,91.90716
2023-10-19,88.47703,92.76955,94.153305,86.2478,92.276024
2023-10-20,89.83102,93.344025,94.70569,86.56633,92.65233
2023-10-23,87.32461,92.33246,94.462265,86.45379,93.18945
2023-10-24,85.84572,91.77872,94.60182,86.81528,93.86522
2023-10-25,85.36815,89.81714,91.99085,84.52445,90.67462
2023-10-26,84.680916,88.307495,90.18302,83.00268,88.579
2023-10-27,85.02607,89.833664,91.42001,83.98821,89.76078
2023-10-30,85.001114,90.46106,91.75785,84.23804,90.00696
2023-10-31,82.69777,88.58461,90.651886,83.3243,89.05217
2023-11-01,80.9225,87.18472,89.72206,82.533424,88.17771
2023-11-02,81.68232,87.66933,89.00992,81.66148,87.37376
2023-11-03,82.04608,88.171585,88.756584,81.33321,87.13562
2023-11-06,81.39681,87.53479,89.19909,82.08113,87.604546
2023-11-07,81.004326,87.08876,89.29632,82.35707,87.761765
2023-11-08,77.78496,83.39824,86.09049,79.302986,84.67838
2023-11-09,75.33115,80.59753,83.820595,77.187294,82.41977
2023-11-10,76.25754,82.450645,83.76934,76.644325,82.332695
2023-11-13,76.21793,82.97698,82.9922,75.57701,81.51643
2023-11-14,78.07114,83.91241,84.54621,77.04957,82.97461
2023-11-15,79.494545,84.776054,85.64209,78.20048,83.9126
2023-11-16,75.95953,80.906525,83.382645,76.76703,81.99524
2023-11-17,73.71401,78.194145,82.05929,76.10423,80.74718
2023-11-20,76.332825,81.004295,82.65085,75.8718,81.1661
2023-11-21,78.190765,83.218575,83.58781,76.60954,82.143555
2023-11-22,77.42525,82.19075,84.03173,77.82134,82.759834
2023-11-23,77.28826,81.82783,84.57875,78.90798,83.30707
2023-11-24,75.79337,80.433205,83.92691,77.75734,82.37689
2023-11-27,74.64755,79.331345,83.524445,77.18029,81.89329
2023-11-28,75.50698,80.721275,83.25298,76.747314,81.926414
2023-11-29,75.8689,81.43144,83.10189,76.5797,81.91646
2023-11-30,76.009636,81.74463,84.155975,78.36474,83.27918
2023-12-01,76.20499,82.11766,84.93697,79.70731,84.27693
2023-12-04,73.84902,79.21652,81.693016,75.40205,80.51982
2023-12-05,72.57463,77.839645,79.973854,73.07321,78.5853
2023-12-06,70.825424,76.25663,79.17646,72.88821,77.997505
2023-12-07,69.046,74.47752,78.044846,71.99153,76.87142
2023-12-08,70.10811,75.28541,77.49568,71.07047,76.28214
2023-12-11,70.462074,75.48613,76.78542,70.1565,75.58554
2023-12-12,69.340126,74.6589,76.81875,70.485664,75.61801
2023-12-13,68.40201,73.768814,76.37372,70.24704,75.14089
2023-12-14,69.4517,74.705475,75.48179,68.35809,73.98137
2023-12-15,70.0846,75.33682,74.86987,67.070435,73.229744
2023-12-18,71.317535,77.5207,77.56827,70.30985,76.10716
2023-12-19,72.05373,78.7922,78.993454,71.942505,77.45079
2023-12-20,73.15284,80.11126,80.20848,73.07583,78.66815
2023-12-21,74.05089,81.28953,81.10077,73.835175,79.74744
2023-12-22,73.50725,80.31848,80.7336,73.36115,79.20455
2023-12-26,73.43544,80.045494,80.88792,73.533646,79.25381
2023-12-27,74.228165,80.49988,81.275154,74.20783,79.91608
2023-12-28,74.824905,80.811646,81.65712,74.84417,80.485985
2023-12-29,72.45003,78.750595,79.83836,73.36708,78.66147
2024-01-02,70.84276,77.28361,78.64847,72.44914,77.38481
2024-01-03,71.701965,76.874626,77.93406,71.78318,77.46499
2024-01-04,72.024124,76.35929,77.26633,71.35253,77.38785
2024-01-05,72.58872,76.76637,78.284164,72.36289,77.30402
2024-01-08,72.92684,76.62068,78.66887,72.77684,76.85196
2024-01-09,71.89831,76.67341,78.18735,72.1135,77.18182
2024-01-10,71.58309,77.068436,78.30691,72.30495,77.76785
2024-01-11,71.90493,78.88274,79.0793,72.90506,78.36873
2024-01-12,72.02605,80.21678,79.54177,73.17965,78.83117
2024-01-15,72.59628,79.90766,79.53069,73.23418,78.8809
2024-01-16,73.05563,80.08753,79.78623,73.55209,79.109024
2024-01-17,72.45111,79.05892,78.398186,71.70609,77.65068
2024-01-18,72.68871,79.25952,78.373276,71.54834,77.6857
2024-01-19,73.51962,80.30908,79.32656,72.530365,78.24476
2024-01-22,74.1962,81.10984,79.96314,73.15245,78.59926
2024-01-23,74.46234,81.613594,80.40289,73.683105,79.62282
2024-01-24,74.82153,82.18299,80.8855,74.272865,80.48971
2024-01-25,76.41827,82.25646,81.46812,74.833786,80.46779
2024-01-26,77.6915,82.457146,81.97465,75.293724,80.6093
2024-01-29,77.569374,83.31985,82.98469,76.520424,82.12609
2024-01-30,77.82039,84.01703,83.94401,77.72432,83.351456
2024-01-31,77.09492,83.54039,83.112976,77.09873,82.68013
2024-02-01,76.65783,83.42332,82.77064,76.97121,82.55054
2024-02-02,74.20855,81.17476,80.19846,74.897385,80.514725
2024-02-05,72.30596,79.50364,78.22778,73.36964,79.01713
2024-02-06,72.89444,79.45895,77.78363,72.46226,78.279495
2024-02-07,73.445305,79.96575,78.03581,72.74863,78.45892
2024-02-08,75.08739,81.72774,79.45922,73.98135,79.97858
2024-02-09,76.31056,82.91704,80.29249,74.524765,80.86631
2024-02-12,76.82838,83.30939,80.89308,75.19466,81.4865
2024-02-13,77.70558,84.14024,81.826675,76.2304,82.430046
2024-02-14,77.355,84.21748,81.98659,76.44033,82.616066
2024-02-15,77.18175,84.304596,82.203445,76.74472,82.85691
2024-02-16,78.68837,84.729996,82.30208,76.549644,82.84299
2024-02-19,79.702126,85.01165,82.442406,76.63737,82.95626
2024-02-20,79.000275,84.886635,82.56344,76.96769,83.13365
2024-02-21,78.74194,84.84628,82.70857,77.26302,83.25487
2024-02-22,78.66336,84.635086,82.10399,76.469536,82.52812
2024-02-23,78.71959,84.76308,81.97332,76.31498,82.37805
2024-02-26,78.36163,84.30056,81.71286,76.17283,82.06215
2024-02-27,77.71594,83.2219,80.58986,75.1236,80.99201
2024-02-28,78.55154,83.29008,81.12775,75.715805,81.48283
2024-02-29,79.20781,83.57307,81.820244,76.5674,82.2056
2024-03-01,80.00184,84.7895,82.834305,77.385315,83.139565
2024-03-04,80.44806,85.24523,83.08051,77.33691,83.496605
2024-03-05,79.60665,85.85211,82.692986,76.94871,83.17108
2024-03-06,78.83315,86.05268,82.32833,76.60152,82.73427
2024-03-07,79.25614,85.06618,82.08109,76.37296,82.42724
2024-03-08,79.497925,84.71971,82.175,76.563286,82.49684
2024-03-11,78.6199,83.681656,82.04164,76.75256,82.37953
2024-03-12,78.44184,83.53863,82.82896,78.03155,83.1093
2024-03-13,79.47737,83.97747,82.512344,77.269035,82.94506
2024-03-14,79.95104,83.71634,82.38461,76.97582,82.59999
2024-03-15,81.01964,84.5887,83.42581,78.10924,83.57503
2024-03-18,82.12695,85.583,84.60925,79.481865,84.83816
2024-03-19,83.531,86.83204,86.203384,81.34717,86.27443
2024-03-20,84.23327,87.00422,86.314415,81.096436,86.40858
2024-03-21,82.325386,85.123764,85.235504,80.28827,85.44621
2024-03-22,81.51285,84.75344,85.44003,81.056335,85.973434
2024-03-25,82.13133,85.83806,85.79659,81.1137,86.27403
2024-03-26,82.08302,86.1787,85.63669,80.7323,86.153336
2024-03-27,82.019745,85.4008,85.203384,80.25896,85.472046
2024-03-28,82.174126,85.2276,85.16762,80.37633,85.3974
2024-04-01,83.65669,85.796936,86.458374,81.65112,85.42891
2024-04-02,84.71373,86.112915,87.2386,82.45545,85.36587
2024-04-03,85.59343,88.34369,88.59737,83.603745,88.28915
2024-04-04,86.535286,90.115715,89.85193,84.7639,90.4942
2024-04-05,86.94306,90.87049,89.9229,84.63074,90.1626
2024-04-08,87.90746,92.370255,90.83332,85.534584,91.116875
2024-04-09,86.62182,91.5509,90.10807,84.89704,90.43542
2024-04-10,86.26093,91.907776,90.37194,85.32547,90.77126
2024-04-11,86.055954,91.54851,90.29153,85.29541,90.737
2024-04-12,86.090454,91.79861,90.69132,85.82588,91.24993
2024-04-15,86.402145,91.87819,90.32401,85.21691,90.65257
2024-04-16,86.56768,91.94647,90.18737,85.02127,90.3623
2024-04-17,84.68721,90.09002,89.257484,84.13267,89.3007
2024-04-18,83.68579,89.38985,89.252815,84.37415,89.25274
2024-04-19,83.75319,88.575005,87.96792,82.91357,88.1012
2024-04-22,83.46261,87.632965,86.953415,82.03719,87.28422
2024-04-23,83.82645,88.12076,87.62335,82.776985,88.07087
2024-04-24,83.912926,88.08889,87.66936,82.72237,88.15708
2024-04-25,84.10745,88.00688,87.811005,82.819885,88.10264
2024-04-26,84.77838,88.745285,88.6303,83.67566,88.84586
2024-04-29,84.76657,89.20012,88.81998,83.78204,89.01201
2024-04-30,84.858986,89.62315,89.15881,84.14065,89.293175
2024-05-01,82.575836,86.55101,87.690475,83.26769,88.43265
2024-05-02,80.76568,84.091774,86.45016,82.49415,87.58462
2024-05-03,80.096,83.804016,84.29745,79.5479,84.70476
2024-05-06,79.377304,83.61349,83.11628,78.04357,83.13607
2024-05-07,79.579666,82.79198,83.16976,78.402756,83.44178
2024-05-08,79.56439,82.124695,82.87243,78.111786,83.07298
2024-05-09,79.96411,82.411835,83.25429,78.38124,83.41697
2024-05-10,80.241615,82.48702,83.454346,78.60762,83.71466
2024-05-13,80.304306,83.26563,84.1089,79.64576,84.12007
2024-05-14,79.96351,83.09974,83.402145,78.93177,83.69511
2024-05-15,80.087685,81.37166,83.29461,78.820694,83.38176
2024-05-16,79.64264,79.59401,82.56514,77.9801,82.54534
2024-05-17,80.62088,81.12098,83.24329,78.61518,83.23966
2024-05-20,81.35715,82.00011,83.751076,79.086235,83.70891
2024-05-21,80.89308,81.46783,83.776085,79.22788,83.799484
2024-05-22,80.94821,81.54766,84.41465,80.24146,84.4017
2024-05-23,78.92488,80.0847,82.92866,78.58978,83.18939
2024-05-24,77.45724,79.022316,82.31509,77.99285,82.44721
2024-05-27,78.33287,79.079605,82.35934,77.85364,82.040344
2024-05-28,78.43787,78.53845,81.92621,77.35463,81.39091
2024-05-29,79.79873,80.78289,83.68434,79.25543,83.634125
2024-05-30,80.8,82.1934,84.78826,80.50853,85.06521
2024-05-31,78.68622,80.30926,82.90066,78.826355,83.41251
2024-06-03,77.75752,79.73874,82.25218,78.36409,82.94377
2024-06-04,75.67811,76.98996,80.19706,75.52739,79.99399
2024-06-05,73.70162,74.58764,78.27391,73.095085,77.56042
2024-06-06,74.98525,75.78006,78.60082,73.2659,77.95727
2024-06-07,75.5697,76.2338,78.497665,72.92801,77.85548
2024-06-10,76.9488,78.061485,79.99078,74.48964,79.32152
2024-06-11,78.37066,79.73149,81.38632,76.12144,80.62904
2024-06-12,78.97173,80.25525,82.57623,77.36509,81.8232
2024-06-13,79.701195,80.92221,83.46288,78.11142,82.76524
2024-06-14,79.152214,80.8039,82.457664,76.778564,81.772125
2024-06-17,79.39108,81.44665,82.59527,76.79961,81.891335
2024-06-18,81.35005,83.295006,83.786964,77.807846,83.07307
2024-06-19,82.755714,84.80035,84.7304,78.67642,84.0131
2024-06-20,82.782005,85.514656,85.49084,79.47082,84.79545
2024-06-21,83.07558,86.260155,86.09539,79.90966,85.33921
2024-06-24,82.35147,86.41696,85.94931,79.714775,85.155266
2024-06-25,82.01195,86.86806,86.15379,79.92009,85.36681
2024-06-26,82.08529,86.31275,85.8254,79.86016,85.078926
2024-06-27,82.05843,86.04333,85.643585,79.90793,84.97857
2024-06-28,82.71211,86.71962,86.12914,80.186134,85.58285
2024-07-01,83.15501,87.11065,86.41295,80.35026,85.93449
2024-07-02,83.853096,87.44117,86.771675,80.841606,86.649124
2024-07-03,84.50117,87.80331,87.1129,81.22175,87.24672
2024-07-04,84.795944,88.149605,87.29219,81.43005,87.273926
2024-07-05,85.04392,88.3181,87.306526,81.49934,87.21149
2024-07-08,84.00385,87.70933,87.14259,81.4307,87.03342
2024-07-09,83.35277,87.348366,87.0835,81.49292,86.996
2024-07-10,83.25689,86.765335,86.07918,80.3501,85.98057
2024-07-11,82.68326,85.57325,84.67322,78.78139,84.4719
2024-07-12,83.435844,86.77433,86.01874,80.11991,85.807175
2024-07-15,83.699135,87.07475,86.3357,80.400986,86.073845
2024-07-16,82.81981,86.663025,85.30515,79.54454,85.49458
2024-07-17,82.20924,86.3745,84.43949,78.61864,84.976425
2024-07-18,83.50606,86.35474,85.22936,79.42486,85.26736
2024-07-19,84.234856,86.20234,85.49341,79.58884,85.21471
2024-07-22,81.78953,84.46603,83.94872,78.276794,83.8242
2024-07-23,80.4481,83.47896,83.17593,77.66821,83.02819
2024-07-24,79.18192,82.92008,82.0439,76.25945,81.88909
2024-07-25,78.09163,82.480156,81.244415,75.303566,81.102104
2024-07-26,78.61069,82.01094,81.50301,75.799255,81.35101
2024-07-29,78.68973,81.5576,81.50048,75.88127,81.31669
2024-07-30,77.327866,80.43824,80.43936,74.72951,80.0573
2024-07-31,76.35074,79.497444,79.62735,73.892624,79.13051
2024-08-01,77.58597,80.76137,80.66937,75.130615,80.497314
2024-08-02,78.18968,81.378426,81.17756,75.74847,81.17822
2024-08-05,75.4183,78.593445,77.76379,72.480835,77.8596
2024-08-06,73.53984,76.67579,75.377045,70.25602,75.585785
2024-08-07,75.31799,77.621185,76.33644,70.64952,76.397064
2024-08-08,76.13706,77.87444,76.46616,70.58773,76.40433
2024-08-09,77.56014,80.121346,77.70584,71.90352,77.70826
2024-08-12,78.36152,81.05221,77.780304,71.701355,77.7369
2024-08-13,79.40473,81.978355,79.61977,73.67613,79.69254
2024-08-14,79.984184,82.12928,80.16678,74.17523,80.21066
2024-08-15,79.33426,82.47871,80.0475,74.02151,80.30039
2024-08-16,79.18295,82.812195,80.125534,74.14039,80.463776
2024-08-19,77.554016,81.677536,79.4624,73.7594,79.61346
2024-08-20,75.79316,80.068886,77.945526,72.02453,77.90402
2024-08-21,74.16504,79.134125,77.19466,71.235275,77.12598
2024-08-22,72.63671,78.03974,76.24932,70.2423,76.13394
2024-08-23,74.82754,79.483925,77.32017,71.51205,77.187256
2024-08-26,75.80016,79.99235,77.581406,71.70821,77.34068
2024-08-27,76.37681,80.48338,79.01032,73.13432,78.539635
2024-08-28,77.05251,80.98613,80.18399,74.40831,79.53964
2024-08-29,76.32225,80.98968,78.74567,72.779915,78.62035
2024-08-30,75.958725,81.11322,78.00344,71.93933,78.227745
2024-09-02,74.77366,79.306366,77.85179,72.317085,78.05878
2024-09-03,73.822845,78.054924,77.56087,72.375824,77.844185
2024-09-04,71.54593,76.19913,75.42766,70.32778,75.77443
2024-09-05,69.66884,74.54255,73.805374,68.85058,74.24599
2024-09-06,69.479385,73.807274,73.531845,68.56058,73.91103
2024-09-09,68.7071,72.51954,72.49827,67.50424,72.71744
2024-09-10,67.850174,71.23678,71.735344,67.12781,72.20598
2024-09-11,66.998795,69.83163,70.76256,66.36686,71.27301
2024-09-12,68.60298,71.97848,71.86843,66.95752,72.147
2024-09-13,69.35502,72.983086,72.178925,67.06078,72.33085
2024-09-16,70.056885,73.241905,72.43265,67.17268,72.66064
2024-09-17,70.88894,74.186134,73.12645,67.99036,73.131676
2024-09-18,71.57808,74.458824,73.553474,68.48674,73.82315
2024-09-19,72.19148,74.712845,73.84409,68.74246,74.278656
2024-09-20,72.20529,75.293236,74.34497,69.0489,74.524925
2024-09-23,72.46386,75.903946,74.859436,69.4221,74.90107
2024-09-24,72.06865,75.44619,74.93958,69.69106,75.08511
2024-09-25,71.89853,75.3445,75.177,70.09988,75.41814
2024-09-26,69.78291,74.05288,73.48283,68.64873,73.9189
2024-09-27,68.13717,73.06771,72.268,67.67648,72.82499
2024-09-30,68.60924,72.526215,72.288,67.6068,73.047714
2024-10-01,68.62425,71.99859,72.03286,67.34267,73.02102
2024-10-02,70.13719,74.24373,73.08215,68.59519,74.209404
2024-10-03,70.99607,75.39604,73.194756,68.509865,74.63665
2024-10-04,73.6204,77.70903,75.46128,70.57144,76.37823
2024-10-07,75.860565,79.84661,77.22231,72.21515,77.88923
2024-10-08,75.15348,79.178925,77.76308,73.10027,78.49066
2024-10-09,75.17679,79.18818,78.564445,74.11864,79.28843
2024-10-10,75.322845,78.901306,77.49521,72.57793,78.17866
2024-10-11,75.474625,78.741035,77.020874,71.91758,77.70353
2024-10-14,75.65471,78.81426,77.3339,72.60832,78.090675
2024-10-15,75.75241,78.741165,77.3166,72.76397,78.139694
2024-10-16,72.344604,75.13202,74.50087,69.87633,75.266075
2024-10-17,69.95131,72.53287,72.518456,67.91133,73.22072
2024-10-18,70.112206,72.93308,73.02156,68.625374,73.82472
2024-10-21,69.64402,72.58618,72.88533,68.673935,73.85058
2024-10-22,71.47129,74.14894,73.29985,68.606445,74.21253
2024-10-23,72.489044,75.061775,73.44714,68.59351,74.2794
2024-10-24,71.44274,74.613014,74.18087,69.43649,75.05325
2024-10-25,70.805504,74.44934,74.68156,70.130325,75.4619
2024-10-28,69.440056,73.20285,72.82742,67.908,73.51394
2024-10-29,68.38975,72.29396,71.6181,66.45145,72.25844
2024-10-30,68.45316,72.32226,71.12229,66.363594,72.16982
2024-10-31,68.20455,72.16633,70.48311,65.925476,71.74887
2024-11-01,69.262856,72.93409,72.05617,67.150055,72.90123
2024-11-04,69.9439,73.43485,73.0168,67.94235,73.6474
2024-11-05,71.21364,75.34678,73.78965,68.3212,74.27524
2024-11-06,72.337906,76.83931,74.644295,68.8252,74.92198
2024-11-07,72.10573,76.09302,74.232216,68.604225,74.547195
2024-11-08,72.26615,75.98909,74.23224,68.66768,74.485596
2024-11-11,70.90197,73.72022,73.37055,68.15768,73.68364
2024-11-12,69.98308,72.089386,72.766685,67.846245,73.12924
2024-11-13,69.183525,72.687355,71.990654,66.59719,72.30584
2024-11-14,68.449486,72.821434,71.398346,65.82626,71.6863
2024-11-15,68.24347,73.34929,71.4484,65.974396,71.782486
2024-11-18,67.66853,73.457756,71.0569,65.46484,71.46459
2024-11-19,68.827614,73.85227,71.758575,66.166374,72.12555
2024-11-20,69.27102,73.69006,71.70007,65.954796,71.827934
2024-11-21,69.53355,74.00644,72.25687,66.44147,72.29291
2024-11-22,70.12719,74.952576,73.56244,67.886826,73.63857
2024-11-25,70.16242,75.12173,74.10084,68.79977,74.17479
2024-11-26,70.1438,75.07153,74.1885,69.013336,74.454094
2024-11-27,69.376976,74.40482,72.980156,67.55489,73.34188
2024-11-28,68.754105,73.85161,72.22317,66.703125,72.58399
2024-11-29,68.39189,73.7594,72.14611,66.91208,72.72231
2024-12-02,68.05791,73.64209,71.947136,66.86735,72.66423
2024-12-03,68.92141,73.936226,72.183556,66.88379,72.76914
2024-12-04,69.545845,74.224365,72.37204,66.95177,72.90348
2024-12-05,68.74299,74.024475,72.37311,67.1104,72.974266
2024-12-06,68.32976,73.95904,72.436806,67.27056,73.08803
2024-12-09,68.35476,73.67279,71.90962,66.65107,72.51201
2024-12-10,68.285446,73.47098,71.52983,66.24079,72.14776
2024-12-11,69.30355,73.8117,72.05672,66.80516,72.71253
2024-12-12,69.897385,73.83007,72.2407,66.916504,72.83445
2024-12-13,70.437614,74.042534,72.94105,67.75694,73.513
2024-12-16,71.202774,74.46793,73.68293,68.59024,74.277
2024-12-17,70.76722,74.03615,73.80193,68.85672,74.250084
2024-12-18,70.39691,73.41838,73.60121,68.51823,74.096344
2024-12-19,70.401566,74.03511,73.445114,68.32492,73.81735
2024-12-20,70.00398,73.92795,72.84853,67.56029,73.24768
2024-12-23,69.71605,72.91802,72.63668,67.69193,73.24872
2024-12-24,69.282166,72.01188,72.32108,67.572754,72.92213
2024-12-26,70.09047,73.02103,73.11171,68.407196,73.373024
2024-12-27,70.49365,73.439606,73.53734,68.93657,73.53146
2024-12-30,70.990974,73.612335,73.89221,69.49237,74.57849
2024-12-31,71.49927,73.95535,74.326385,70.080666,75.39357
2025-01-02,72.75284,75.15284,74.712685,70.44572,75.60165
2025-01-03,73.293846,75.33824,74.33382,69.88748,75.19202
2025-01-06,74.09498,76.67062,75.55044,70.9673,76.218994
2025-01-07,74.795334,77.566185,76.31057,71.68428,76.75355
2025-01-08,74.199646,77.47814,76.320114,71.84909,77.1462
2025-01-09,73.78765,77.45419,76.33874,71.77804,77.29476
2025-01-10,75.66809,78.97507,77.31306,72.51426,78.126205
2025-01-13,76.92525,80.08592,78.03368,73.09909,78.818275
2025-01-14,77.697,81.01739,79.41439,74.7099,80.285835
2025-01-15,78.94878,82.47809,81.09568,76.62426,82.04559
2025-01-16,79.18246,82.73124,81.96646,77.87856,83.01399
2025-01-17,79.94461,83.12757,83.13028,79.3097,84.173874
2025-01-20,78.41495,81.66232,81.80704,77.843414,82.78229
2025-01-21,77.82013,81.30699,81.760765,77.889984,82.68277
2025-01-22,76.5766,80.21414,81.05478,77.08153,81.88155
2025-01-23,75.84967,79.84688,80.95201,77.16173,81.930336
2025-01-24,75.28182,79.19709,81.0503,77.42765,81.81631
2025-01-27,74.52557,78.31892,80.315155,76.54495,81.26784
2025-01-28,74.01375,77.87183,79.84811,76.23537,80.84969
2025-01-29,73.37788,77.27635,79.30404,75.78281,80.31219
2025-01-30,72.81849,76.78975,78.79342,75.24658,79.84016
2025-01-31,72.5647,77.084625,79.10732,75.80215,80.395134
2025-02-03,73.26712,77.131966,78.436424,74.675514,79.51093
2025-02-04,73.56111,76.986244,77.99498,74.021385,78.82482
2025-02-05,72.41487,75.97087,77.40357,73.36128,78.4364
2025-02-06,71.586395,75.11404,76.805565,72.619156,77.87194
2025-02-07,71.309456,74.7974,76.61377,72.44843,77.332306
2025-02-10,70.89198,74.34884,76.40413,72.23282,76.80495
2025-02-11,72.45469,76.16958,77.51903,73.29819,78.06047
2025-02-12,73.62368,77.55888,78.41041,74.26547,79.06427
2025-02-13,72.05481,75.93584,77.11644,72.900734,77.764534
2025-02-14,71.139565,75.01865,76.49345,72.23735,77.020515
2025-02-17,71.1077,75.49218,76.62859,72.32249,77.08381
2025-02-18,70.90707,75.69703,76.52629,72.2068,77.007744
2025-02-19,72.126526,76.37544,77.42798,73.27039,78.04364
2025-02-20,72.95579,76.90125,78.10301,74.04756,78.750854
2025-02-21,71.78921,75.894165,77.5237,73.43769,78.158646
2025-02-24,71.15656,75.315445,77.26109,73.23356,77.94154
2025-02-25,69.944336,74.0064,76.13408,72.380905,76.83122
2025-02-26,69.02476,73.06268,75.28814,71.78106,76.16427
2025-02-27,69.92558,74.43934,75.1644,71.62146,76.36057
2025-02-28,70.150566,74.94418,74.72592,71.19147,76.1358
2025-03-03,69.5184,74.07657,74.93046,70.12896,75.214516
2025-03-04,68.58936,72.66858,74.08168,68.01636,73.37504
2025-03-05,67.58088,71.81761,72.916016,66.68837,71.960365
2025-03-06,66.812614,71.00395,71.87542,65.37257,70.564964
2025-03-07,67.04258,71.847755,72.43601,65.97179,71.27476
2025-03-10,66.808685,71.936356,72.14433,65.42603,71.04607
2025-03-11,66.57036,71.58776,72.14826,65.41023,71.014496
2025-03-12,66.41893,71.48915,72.13367,65.38528,71.07747
2025-03-13,66.43951,70.778336,72.06641,64.99725,70.391045
2025-03-14,66.67528,70.588295,72.28206,64.92438,70.2263
2025-03-17,66.97398,70.9546,72.525314,65.18156,71.00096
2025-03-18,67.545876,71.85956,73.30905,66.08452,72.311134
2025-03-19,67.59294,72.270645,73.80947,66.942955,72.65013
2025-03-20,67.562706,72.24388,73.8708,66.98368,72.64403
2025-03-21,68.34924,72.70757,74.52217,67.565,73.33822
2025-03-24,68.822,72.980896,74.96462,67.89806,73.72079
2025-03-25,69.12968,73.50583,75.29299,68.05279,73.95345
2025-03-26,69.574066,74.0772,75.74172,68.4666,74.42646
2025-03-27,69.7747,74.27408,75.93523,68.78341,74.74479
2025-03-28,69.97855,74.5137,76.12904,68.99649,74.997505
2025-03-31,70.59518,75.73742,76.48901,69.53374,75.35079
2025-04-01,71.1625,76.75321,76.82328,70.030334,75.77034
2025-04-02,71.647415,77.11193,77.35928,70.24438,76.00245
2025-04-03,72.16724,77.6678,77.889694,70.60634,76.3248
2025-04-04,66.33238,71.93689,73.63574,66.97521,72.8757
2025-04-07,62.26259,67.847595,70.63638,64.401405,70.42144
2025-04-08,61.497723,66.628044,67.657196,60.56761,67.29071
2025-04-09,60.05566,64.6358,64.694496,57.075607,64.46171
2025-04-10,61.150806,65.76154,65.402115,58.1639,65.66934
2025-04-11,61.422,66.01532,65.06206,58.029682,65.67577
2025-04-14,61.599987,66.417854,66.33452,59.157833,66.05942
2025-04-15,61.79445,66.75033,67.23436,60.019196,66.37096
2025-04-16,62.32117,67.08182,67.52345,60.37423,66.80937
2025-04-17,62.848156,67.51853,67.975296,60.873173,67.287964
2025-04-21,63.45269,68.39011,68.66396,61.532204,67.75564
2025-04-22,64.13231,69.20953,69.39263,62.201714,68.27617
2025-04-23,63.073807,67.9007,69.025635,61.907936,68.0063
2025-04-24,63.11992,68.21129,70.034836,63.171158,69.39958
2025-04-25,63.66909,67.76153,69.41742,62.864037,68.66707
2025-04-28,63.9164,67.17672,68.76228,62.411736,68.18943
2025-04-29,62.538563,65.45995,67.41339,61.1403,66.27037
2025-04-30,61.430973,64.02702,66.367584,60.33059,64.68862
2025-05-01,60.425728,62.834503,63.53364,58.75885,62.963123
2025-05-02,59.66618,61.900562,61.516094,57.67708,61.61802
2025-05-05,59.52153,62.159966,61.23992,56.998585,62.355946
2025-05-06,58.915443,61.847366,60.43342,56.15854,62.282207
2025-05-07,59.553894,61.130928,61.533054,57.537205,62.564415
2025-05-08,59.50161,60.37642,62.158768,58.457283,62.515026
2025-05-09,60.829517,62.30648,62.5327,58.38616,62.844936
2025-05-12,62.26326,64.045334,63.42299,59.20436,63.681355
2025-05-13,63.71241,65.64049,64.74608,60.47686,64.94371
2025-05-14,64.98364,67.00483,65.58852,61.08451,65.764206
2025-05-15,63.570812,65.075195,64.452995,60.098633,64.68882
2025-05-16,63.304775,64.52997,64.19708,60.058342,64.697945
2025-05-19,63.76912,65.58316,64.30693,59.825684,64.7061
2025-05-20,63.614193,65.5918,63.769096,58.97682,63.908257
2025-05-21,62.96116,65.21374,64.147255,59.617455,64.249054
2025-05-22,62.662865,65.58328,65.01151,61.12485,65.462364
2025-05-23,63.03595,65.62064,64.34952,59.932556,64.690346
2025-05-26,62.82195,65.36855,63.821156,59.235836,63.913963
2025-05-27,62.434814,65.22705,64.07922,59.86122,64.38042
2025-05-28,61.902588,64.65344,63.654835,59.365265,64.0696
2025-05-29,61.607582,64.55359,63.79857,59.889378,64.471176
2025-05-30,61.356857,64.441216,63.861847,60.285458,64.810616
2025-06-02,62.326702,65.4795,63.937717,59.803257,64.729385
2025-06-03,62.800003,66.06805,63.855984,59.36023,64.531395
2025-06-04,62.879112,65.85817,64.0089,59.107403,64.15633
2025-06-05,63.66442,66.96243,65.12254,60.147247,65.274376
2025-06-06,64.53949,67.60452,65.28797,60.361767,65.4621
2025-06-09,65.20116,68.07638,65.40964,60.40003,65.54912
2025-06-10,65.18243,67.686386,65.58758,60.37227,65.62797
2025-06-11,65.7258,68.211914,66.500656,61.409546,66.59825
2025-06-12,67.89995,70.34525,67.95477,63.027054,68.08586
2025-06-13,69.86424,72.0907,69.62375,64.79423,69.60475
2025-06-16,71.97582,74.51755,72.232155,67.55201,72.210365
2025-06-17,73.82426,76.43275,74.00221,69.1546,74.00893
2025-06-18,74.70461,77.5656,74.548935,69.58181,74.58062
2025-06-19,76.024925,79.121086,75.67003,70.74582,75.8379
2025-06-20,75.44289,78.99805,76.90411,71.92673,77.049225
2025-06-23,75.410904,79.36931,78.15378,73.137146,78.29739
2025-06-24,69.23136,73.113014,72.90394,68.1801,73.01945
2025-06-25,64.72147,68.69129,69.38154,64.83894,69.47535
2025-06-26,66.1513,69.02143,68.62871,63.88874,68.84427
2025-06-27,66.25302,68.32918,67.35231,62.422516,67.70715
2025-06-30,66.307144,68.44072,67.9906,63.61554,68.60395
2025-07-01,66.06238,68.0386,67.916954,63.898716,68.636955
2025-07-02,67.37829,69.23104,68.36721,63.88256,68.78588
2025-07-03,67.83683,69.42792,68.05466,63.484116,68.35385
2025-07-04,67.88516,70.2981,69.0886,64.36613,69.360596
2025-07-07,68.31283,71.321365,70.26056,65.65658,70.46436
2025-07-08,69.255806,72.24628,70.96091,66.39317,70.94729
2025-07-09,70.01488,73.03012,71.34284,66.687004,71.38768
2025-07-10,69.07411,71.715,71.38112,66.78287,71.390335
2025-07-11,68.47496,70.94788,71.582924,67.018654,71.47211
2025-07-14,68.62054,71.258736,71.52125,66.88349,71.429245
2025-07-15,68.41522,71.06759,71.28533,66.648865,71.26126
2025-07-16,67.8277,70.43868,70.553566,65.98903,70.55242
2025-07-17,67.25155,69.837585,69.734886,65.25238,69.91111
2025-07-18,68.373,71.1153,70.59658,66.163605,70.77063
2025-07-21,68.93406,71.77449,70.89956,66.39499,71.044205
2025-07-22,67.957115,70.72497,70.49673,66.35453,70.836655
2025-07-23,67.09203,69.77095,70.032036,66.008,70.30361
2025-07-24,66.608696,69.6624,70.54498,66.44424,70.66814
2025-07-25,66.07242,69.37483,70.79726,66.73256,70.888275
2025-07-28,67.001945,70.123314,70.745636,66.7802,71.16318
2025-07-29,67.47675,70.53099,70.84068,66.93013,71.316956
2025-07-30,69.79381,72.92,73.25483,69.19042,73.49852
2025-07-31,71.576035,74.7039,74.98147,70.7375,75.042885
2025-08-01,69.344475,71.987946,73.96029,69.82626,73.818085
2025-08-04,68.32224,70.53651,73.84764,69.7745,73.38945
2025-08-05,66.85862,69.23052,71.445404,66.94919,70.912895
2025-08-06,65.57493,68.08964,69.83098,65.161,69.32252
2025-08-07,65.02234,67.2195,69.517456,65.10048,69.157196
2025-08-08,64.726456,67.14289,69.90843,65.793205,69.48987
2025-08-11,64.85485,67.12569,68.8707,64.246185,68.620285
2025-08-12,64.98468,67.42847,68.78809,64.24514,68.3944
2025-08-13,64.352776,66.93591,68.40399,63.955353,68.04665
2025-08-14,63.711323,66.383575,67.87478,63.453484,67.52687
2025-08-15,64.21834,67.47173,68.43256,63.955803,67.96076
2025-08-18,63.94571,67.37134,68.04409,63.35828,67.27596
2025-08-19,63.69491,67.12301,68.25471,63.804787,67.54823
2025-08-20,63.30223,66.51392,67.87845,63.55854,67.16451
2025-08-21,64.13847,67.91691,69.17422,65.1296,68.67526
2025-08-22,64.47885,68.5218,69.9784,66.13622,69.42964
2025-08-25,64.60869,68.39596,70.65442,65.923386,69.91991
2025-08-26,64.59411,68.10275,70.495804,64.86769,69.90636
2025-08-27,64.471085,67.92825,70.283554,64.60426,69.643845
2025-08-28,64.03265,67.36495,69.67046,63.586227,69.01595
2025-08-29,63.925293,67.19888,69.57832,63.494205,68.86393
2025-09-01,64.38959,68.00216,70.398834,64.49374,69.86828
2025-09-02,64.65277,67.34799,70.84231,64.05065,70.06402
2025-09-03,65.58394,67.93214,72.3353,65.1063,71.39425
2025-09-04,64.42464,67.21903,71.0043,64.23064,70.93008
2025-09-05,63.665848,66.65888,70.191,63.659683,70.8312
2025-09-08,62.74583,65.796196,69.69266,62.95038,69.27394
2025-09-09,61.69069,64.61484,68.67491,61.783623,67.59914
2025-09-10,62.885414,66.713524,70.00135,63.099403,69.13006
2025-09-11,63.69161,68.0659,70.69974,63.822475,69.96091
2025-09-12,63.077625,67.65925,70.37556,63.51406,69.8422
2025-09-15,62.72815,67.54923,70.40194,63.428314,69.76132
2025-09-16,63.93228,68.67696,70.94046,63.91069,70.19766
2025-09-17,64.81725,69.593575,71.43077,64.39233,70.61337
2025-09-18,64.01848,68.46363,70.96408,63.993774,70.140755
2025-09-19,63.774208,67.995125,70.900635,64.073006,70.08651
2025-09-22,63.00371,67.107574,69.82197,63.190445,68.88921
2025-09-23,62.327553,66.258156,68.917915,62.50859,67.98233
2025-09-24,63.97867,68.23829,69.98013,63.198334,69.176445
2025-09-25,65.1071,69.605446,70.642975,63.77542,69.95116
2025-09-26,65.52921,70.11294,71.2395,64.62368,70.40202
2025-09-29,65.882996,70.39724,71.47387,64.86527,70.19092
2025-09-30,63.9936,68.865654,70.06581,63.802635,69.508835
2025-10-01,63.075684,68.22258,69.26475,63.264652,69.41033
2025-10-02,62.302586,66.853,67.58035,62.282143,67.8589
2025-10-03,61.338264,65.31,65.51866,60.66166,66.39712
2025-10-06,61.938393,66.40134,65.99541,60.85244,66.25883
2025-10-07,62.221706,66.94925,65.938675,60.76214,65.88276
2025-10-08,62.921165,67.42454,66.75303,61.480064,66.69979
2025-10-09,62.98616,67.09781,66.642456,61.054764,66.3048
2025-10-10,61.23097,65.934685,66.14225,60.90364,65.983475
2025-10-13,59.642128,64.24519,65.0159,59.791565,64.73525
2025-10-14,59.644352,63.76927,63.9364,58.98529,63.76512
2025-10-15,59.42414,63.144207,63.027115,58.283432,62.823006
2025-10-16,58.955933,62.305183,63.24813,58.531765,63.13968
2025-10-17,58.406548,61.26732,62.772736,58.1482,62.849937
2025-10-20,58.296394,60.975685,61.961437,57.323708,61.987366
2025-10-21,58.21625,60.540413,61.31357,56.66907,61.383507
2025-10-22,58.718075,61.45094,62.382996,58.074806,62.4297
2025-10-23,59.13797,62.049625,63.041325,58.97486,63.083954
2025-10-24,61.20187,64.678894,66.34598,61.471684,66.48684
2025-10-27,63.073677,67.03299,69.236916,64.03514,69.55211
2025-10-28,61.785156,65.30095,66.93481,62.28588,66.90013
2025-10-29,61.2413,64.50549,65.7348,61.28634,65.54644
2025-10-30,60.865005,64.18652,65.44963,60.45992,65.03236
2025-10-31,60.996544,64.79889,65.855705,60.908207,65.63548
2025-11-03,61.651707,65.596,66.44421,61.24518,66.80206
2025-11-04,61.825523,65.84676,66.79147,61.41291,67.437164
2025-11-05,60.962574,64.52457,65.83983,60.77256,66.447426
2025-11-06,59.96799,62.96003,64.58523,59.37252,64.91055
2025-11-07,60.043346,62.908943,64.29556,59.22789,64.270386
2025-11-10,60.167614,62.991463,64.52648,59.86343,64.28676
2025-11-11,60.219852,62.87625,64.38786,59.90406,64.49529
2025-11-12,60.808887,63.23488,65.172844,60.731743,65.092186
2025-11-13,59.919487,62.58332,64.62757,59.517982,65.35858
2025-11-14,59.264435,62.054222,64.37415,58.72919,65.54734
2025-11-17,60.45225,63.20701,64.93414,58.797256,65.182045
2025-11-18,61.170128,63.890842,65.16793,58.495296,64.90744
2025-11-19,60.78747,64.01035,64.976906,58.46179,64.86585
2025-11-20,60.63923,64.26707,64.912605,58.329643,64.71063
2025-11-21,59.649174,63.448143,63.98851,57.32029,63.68058
2025-11-24,58.924007,62.985577,63.3583,56.641113,63.00529
2025-11-25,58.669456,63.932655,63.452286,56.769066,63.19186
2025-11-26,58.20806,64.36053,63.200047,56.54368,63.01801
2025-11-27,58.543785,64.29307,63.755013,56.367508,63.60764
2025-11-28,58.66868,64.3773,64.093155,56.18487,63.973316
2025-12-01,58.802547,63.980904,63.921078,56.33355,64.21215
2025-12-02,58.86352,63.748295,63.815678,56.3107,64.3337
2025-12-03,58.797115,63.457733,63.375458,55.851135,63.89766
2025-12-04,58.53405,62.99717,62.60601,55.137268,63.286213
2025-12-05,59.52799,63.828465,63.41666,55.98313,64.1369
2025-12-08,60.075928,64.186844,63.648964,56.174706,64.30553
2025-12-09,59.018112,63.343597,63.161854,56.030373,63.895763
2025-12-10,58.281677,62.564796,62.661846,55.493816,63.3412
2025-12-11,58.130424,62.408966,61.896698,54.757004,62.594635
2025-12-12,57.84401,62.122673,61.240623,54.16492,61.96155
2025-12-15,57.203323,61.621704,61.001724,54.009926,61.780663
2025-12-16,56.646435,61.24637,60.680912,53.79681,61.493732
2025-12-17,56.031967,60.543022,59.927643,52.907856,60.66814
2025-12-18,55.43067,59.87908,59.278824,52.189854,59.98752
2025-12-19,56.23134,60.621964,59.794662,52.57232,60.469975
2025-12-22,56.655983,60.994987,59.99939,52.669285,60.65171
2025-12-23,57.528385,61.934265,60.6323,53.17972,61.272346
2025-12-24,58.744934,63.245438,61.868164,54.363976,62.48726
2025-12-26,57.63936,63.368797,61.841064,54.4356,62.586235
2025-12-29,57.020084,63.588158,61.999634,54.593147,62.783684
2025-12-30,57.501026,62.61087,61.357933,54.130714,62.27015
2025-12-31,57.34081,61.572243,60.47967,53.3186,61.435913
2026-01-02,57.175034,61.682945,60.21058,53.336338,61.18167
2026-01-05,57.166634,61.632263,59.78154,53.402702,60.852974
2026-01-06,57.1258,62.13808,59.720314,53.27005,60.611275
2026-01-07,56.99475,62.1563,59.094715,52.462563,60.038017
2026-01-08,57.148754,62.553497,59.004494,52.213463,59.93399
2026-01-09,57.189163,62.83769,58.799904,51.887474,59.731537
2026-01-12,58.433964,64.36471,60.539955,54.143547,61.45202
2026-01-13,59.35011,65.570526,61.816616,55.860622,62.70427
2026-01-14,60.362587,67.039925,62.33367,56.28499,63.212383
2026-01-15,61.457195,68.5126,63.135433,57.181313,64.078064
2026-01-16,59.6559,66.79788,62.677826,56.783768,63.694656
2026-01-19,58.50692,65.90442,62.42064,56.613865,63.469994
2026-01-20,59.63144,66.87723,62.52804,56.358185,63.462814
2026-01-21,60.098686,67.30224,62.463066,56.090137,63.35141
2026-01-22,59.41299,66.031815,62.391838,56.722767,63.373543
2026-01-23,59.29002,65.39514,62.62217,57.35047,63.617973
2026-01-26,60.14115,66.99205,62.975544,57.368843,64.05379
2026-01-27,60.270176,67.715935,62.789497,57.216156,64.00461
2026-01-28,61.860455,69.34104,64.090126,58.134087,65.084854
2026-01-29,62.864296,70.97563,64.968575,59.141304,65.899155
2026-01-30,63.665092,71.09736,66.3248,59.318832,67.28843
2026-02-02,64.45419,71.378235,67.19154,59.15445,68.330505
2026-02-03,63.029606,70.013565,65.81101,57.780376,66.868225
2026-02-04,62.17186,69.08401,65.04399,56.750893,66.06543
2026-02-05,62.98116,69.8604,66.29663,58.109047,67.349594
2026-02-06,63.399937,70.24405,67.16835,59.095833,68.2178
2026-02-09,63.77094,70.54949,66.99038,58.68045,68.141045
2026-02-10,64.15341,70.86995,67.13617,58.753788,68.369
2026-02-11,64.188354,70.89277,67.880936,59.62833,69.18046
2026-02-12,64.0469,70.682335,68.12126,59.86109,69.32261
2026-02-13,63.258667,70.087395,67.38199,59.250797,68.63248
2026-02-16,62.414,69.37006,66.525246,58.50682,67.791595
2026-02-17,62.687065,69.91244,66.680016,58.881866,68.131195
2026-02-18,62.533646,70.02086,66.34787,58.695038,67.92503
2026-02-19,65.06604,71.98139,68.37293,59.30153,69.5626
2026-02-20,66.82978,73.28217,69.559105,59.388832,70.587135
2026-02-23,66.19804,72.196655,69.51875,59.07901,70.631874
2026-02-24,66.35358,72.00237,70.01938,59.20137,71.07364
2026-02-25,65.33283,71.08366,69.36155,59.11966,70.46676
2026-02-26,64.68056,70.426605,69.078545,59.16519,70.23485
2026-02-27,65.6421,70.87317,69.7296,59.783188,71.19427
2026-03-02,66.29265,71.125694,70.27562,60.38108,72.04024
2026-03-03,70.5997,77.54048,76.70824,63.643646,77.52233
2026-03-04,73.87715,82.198784,81.40652,65.881874,81.59817
2026-03-05,77.103584,85.01632,84.47471,64.785095,86.56345
2026-03-06,80.25884,88.15605,87.768524,64.25723,91.05117
2026-03-09,87.817085,91.77292,100.809525,82.73574,104.44359
2026-03-10,94.30681,95.125565,111.12132,96.06822,115.35126
2026-03-11,87.657486,91.75338,105.18544,86.49594,111.56913
2026-03-12,84.53244,90.24125,103.668205,83.23256,111.86815
2026-03-13,93.192245,98.41779,117.54597,93.12205,125.82945
2026-03-16,98.826096,104.64184,128.06776,100.647,137.19815
2026-03-17,94.10472,100.92792,128.15268,100.227615,140.09645
2026-03-18,92.24161,100.01626,131.10909,101.935074,145.24515
2026-03-19,92.929565,100.35342,137.61826,105.37038,148.51395
2026-03-20,92.93598,100.37811,143.23236,108.46422,152.40149
2026-03-23,92.94393,100.382835,143.08829,109.88231,153.29468
